country_code	zone	w_from	w_to	price
AT	1	0	30	42.26
AT	1	30	50	43.88
AT	1	50	75	47.91
AT	1	75	100	51.94
AT	1	100	150	62.13
AT	1	150	200	66.1
AT	1	200	250	75.68
AT	1	250	300	81.68
AT	1	300	350	90.77
AT	1	350	400	95.15
AT	1	400	450	104.41
AT	1	450	500	110.76
AT	1	500	600	122.04
AT	1	600	700	137.38
AT	1	700	800	147.5
AT	1	800	900	160.3
AT	1	900	1000	173.02
AT	1	1000	1100	185.63
AT	1	1100	1200	195.48
AT	1	1200	1300	207.92
AT	1	1300	1400	221.49
AT	1	1400	1500	236.64
AT	1	1500	1600	249.41
AT	1	1600	1700	264.96
AT	1	1700	1800	281.6
AT	1	1800	1900	298.42
AT	1	1900	2000	309.47
AT	1	2000	2100	323.99
AT	1	2100	2200	338.45
AT	1	2200	2300	353.05
AT	1	2300	2400	364.08
AT	1	2400	2500	378.86
AT	2	0	30	42.26
AT	2	30	50	45.72
AT	2	50	75	49.77
AT	2	75	100	53.83
AT	2	100	150	64.42
AT	2	150	200	68.38
AT	2	200	250	78.27
AT	2	250	300	84.26
AT	2	300	350	93.62
AT	2	350	400	98.02
AT	2	400	450	107.61
AT	2	450	500	113.97
AT	2	500	600	125.57
AT	2	600	700	141.25
AT	2	700	800	151.69
AT	2	800	900	164.79
AT	2	900	1000	177.82
AT	2	1000	1100	190.7
AT	2	1100	1200	200.83
AT	2	1200	1300	213.54
AT	2	1300	1400	227.68
AT	2	1400	1500	243.48
AT	2	1500	1600	256.89
AT	2	1600	1700	273.13
AT	2	1700	1800	290.46
AT	2	1800	1900	308.04
AT	2	1900	2000	319.5
AT	2	2000	2100	334.46
AT	2	2100	2200	349.35
AT	2	2200	2300	364.37
AT	2	2300	2400	375.83
AT	2	2400	2500	391.02
AT	3	0	30	43.02
AT	3	30	50	48.96
AT	3	50	75	54.9
AT	3	75	100	60.84
AT	3	100	150	71.55
AT	3	150	200	75.41
AT	3	200	250	85.17
AT	3	250	300	91.42
AT	3	300	350	100.78
AT	3	350	400	105.44
AT	3	400	450	115.41
AT	3	450	500	122.03
AT	3	500	600	132.64
AT	3	600	700	147.92
AT	3	700	800	158.01
AT	3	800	900	170.75
AT	3	900	1000	183.46
AT	3	1000	1100	196
AT	3	1100	1200	205.82
AT	3	1200	1300	218.21
AT	3	1300	1400	231.78
AT	3	1400	1500	246.88
AT	3	1500	1600	259.6
AT	3	1600	1700	275.08
AT	3	1700	1800	291.67
AT	3	1800	1900	308.49
AT	3	1900	2000	319.5
AT	3	2000	2100	333.93
AT	3	2100	2200	348.43
AT	3	2200	2300	363.01
AT	3	2300	2400	373.99
AT	3	2400	2500	388.64
AT	4	0	30	45.29
AT	4	30	50	50.44
AT	4	50	75	55.6
AT	4	75	100	60.75
AT	4	100	150	71.86
AT	4	150	200	75.42
AT	4	200	250	85.5
AT	4	250	300	91.26
AT	4	300	350	100.79
AT	4	350	400	104.94
AT	4	400	450	115.05
AT	4	450	500	121.16
AT	4	500	600	132.13
AT	4	600	700	147.44
AT	4	700	800	157.49
AT	4	800	900	170.17
AT	4	900	1000	182.82
AT	4	1000	1100	195.27
AT	4	1100	1200	204.95
AT	4	1200	1300	217.18
AT	4	1300	1400	231.43
AT	4	1400	1500	247.3
AT	4	1500	1600	260.85
AT	4	1600	1700	277.24
AT	4	1700	1800	294.84
AT	4	1800	1900	312.69
AT	4	1900	2000	323.96
AT	4	2000	2100	338.68
AT	4	2100	2200	353.41
AT	4	2200	2300	368.26
AT	4	2300	2400	379.48
AT	4	2400	2500	394.43
AT	5	0	30	47.55
AT	5	30	50	52.43
AT	5	50	75	57.31
AT	5	75	100	62.19
AT	5	100	150	73.96
AT	5	150	200	77.73
AT	5	200	250	88.39
AT	5	250	300	94.29
AT	5	300	350	104.33
AT	5	350	400	108.62
AT	5	400	450	119.29
AT	5	450	500	125.56
AT	5	500	600	137.47
AT	5	600	700	153.58
AT	5	700	800	164.43
AT	5	800	900	177.89
AT	5	900	1000	191.29
AT	5	1000	1100	204.52
AT	5	1100	1200	214.95
AT	5	1200	1300	227.91
AT	5	1300	1400	243.32
AT	5	1400	1500	260.39
AT	5	1500	1600	275.16
AT	5	1600	1700	292.83
AT	5	1700	1800	311.75
AT	5	1800	1900	330.93
AT	5	1900	2000	343.15
AT	5	2000	2100	358.82
AT	5	2100	2200	374.48
AT	5	2200	2300	390.27
AT	5	2300	2400	402.44
AT	5	2400	2500	418.35
AT	6	0	30	55.7
AT	6	30	50	62
AT	6	50	75	68.32
AT	6	75	100	74.63
AT	6	100	150	88.48
AT	6	150	200	92.64
AT	6	200	250	104.82
AT	6	250	300	111.36
AT	6	300	350	122.86
AT	6	350	400	127.81
AT	6	400	450	140.49
AT	6	450	500	147.41
AT	6	500	600	160.94
AT	6	600	700	179.14
AT	6	700	800	192.02
AT	6	800	900	207.5
AT	6	900	1000	222.89
AT	6	1000	1100	238.06
AT	6	1100	1200	250.41
AT	6	1200	1300	265.29
AT	6	1300	1400	283.58
AT	6	1400	1500	303.65
AT	6	1500	1600	321.5
AT	6	1600	1700	342.29
AT	6	1700	1800	364.48
AT	6	1800	1900	387.02
AT	6	1900	2000	401.63
AT	6	2000	2100	419.66
AT	6	2100	2200	437.77
AT	6	2200	2300	455.93
AT	6	2300	2400	470.47
AT	6	2400	2500	488.74
AT	7	0	30	61.58
AT	7	30	50	67.87
AT	7	50	75	74.17
AT	7	75	100	80.45
AT	7	100	150	95.58
AT	7	150	200	99.75
AT	7	200	250	112.86
AT	7	250	300	119.43
AT	7	300	350	131.72
AT	7	350	400	136.69
AT	7	400	450	150.47
AT	7	450	500	157.38
AT	7	500	600	171.97
AT	7	600	700	191.22
AT	7	700	800	205.1
AT	7	800	900	221.53
AT	7	900	1000	237.87
AT	7	1000	1100	253.94
AT	7	1100	1200	267.18
AT	7	1200	1300	282.9
AT	7	1300	1400	303.03
AT	7	1400	1500	325.06
AT	7	1500	1600	344.93
AT	7	1600	1700	367.8
AT	7	1700	1800	392.22
AT	7	1800	1900	417.05
AT	7	1900	2000	432.99
AT	7	2000	2100	452.38
AT	7	2100	2200	471.82
AT	7	2200	2300	491.34
AT	7	2300	2400	507.21
AT	7	2400	2500	526.85
BE	1	0	30	42.26
BE	1	30	50	42.26
BE	1	50	75	42.26
BE	1	75	100	44.19
BE	1	100	150	53.21
BE	1	150	200	55.39
BE	1	200	250	63.92
BE	1	250	300	67.68
BE	1	300	350	76.83
BE	1	350	400	79.44
BE	1	400	450	88.32
BE	1	450	500	92
BE	1	500	600	98.07
BE	1	600	700	108.95
BE	1	700	800	115.94
BE	1	800	900	125.25
BE	1	900	1000	133.53
BE	1	1000	1100	142.13
BE	1	1100	1200	146.88
BE	1	1200	1300	153.67
BE	1	1300	1400	160.49
BE	1	1400	1500	168.5
BE	1	1500	1600	181.84
BE	1	1600	1700	190.04
BE	1	1700	1800	198.72
BE	1	1800	1900	207.52
BE	1	1900	2000	212.86
BE	1	2000	2100	226.19
BE	1	2100	2200	233.86
BE	1	2200	2300	241.56
BE	1	2300	2400	246.9
BE	1	2400	2500	254.61
BE	2	0	30	42.26
BE	2	30	50	42.26
BE	2	50	75	43.33
BE	2	75	100	47.26
BE	2	100	150	55.52
BE	2	150	200	58.04
BE	2	200	250	65.58
BE	2	250	300	69.89
BE	2	300	350	77.02
BE	2	350	400	79.96
BE	2	400	450	87.42
BE	2	450	500	91.98
BE	2	500	600	99.69
BE	2	600	700	110.88
BE	2	700	800	117.71
BE	2	800	900	126.77
BE	2	900	1000	135.74
BE	2	1000	1100	144.66
BE	2	1100	1200	151.2
BE	2	1200	1300	159.95
BE	2	1300	1400	169.93
BE	2	1400	1500	181.27
BE	2	1500	1600	190.62
BE	2	1600	1700	202.31
BE	2	1700	1800	214.97
BE	2	1800	1900	227.86
BE	2	1900	2000	235.55
BE	2	2000	2100	246.12
BE	2	2100	2200	256.73
BE	2	2200	2300	267.42
BE	2	2300	2400	275.12
BE	2	2400	2500	285.83
BE	3	0	30	42.26
BE	3	30	50	43.58
BE	3	50	75	47.92
BE	3	75	100	51.85
BE	3	100	150	61.1
BE	3	150	200	63.62
BE	3	200	250	71.88
BE	3	250	300	76.2
BE	3	300	350	83.97
BE	3	350	400	86.92
BE	3	400	450	95.21
BE	3	450	500	99.77
BE	3	500	600	108.3
BE	3	600	700	120.3
BE	3	700	800	127.9
BE	3	800	900	137.69
BE	3	900	1000	147.41
BE	3	1000	1100	157.03
BE	3	1100	1200	164.23
BE	3	1200	1300	173.65
BE	3	1300	1400	185.07
BE	3	1400	1500	197.94
BE	3	1500	1600	208.87
BE	3	1600	1700	222.19
BE	3	1700	1800	236.58
BE	3	1800	1900	251.23
BE	3	1900	2000	259.99
BE	3	2000	2100	271.61
BE	3	2100	2200	283.27
BE	3	2200	2300	295
BE	3	2300	2400	303.74
BE	3	2400	2500	315.48
BE	4	0	30	42.26
BE	4	30	50	45.83
BE	4	50	75	50.06
BE	4	75	100	54
BE	4	100	150	63.7
BE	4	150	200	66.23
BE	4	200	250	74.84
BE	4	250	300	79.15
BE	4	300	350	87.21
BE	4	350	400	90.16
BE	4	400	450	98.86
BE	4	450	500	103.43
BE	4	500	600	112.33
BE	4	600	700	124.7
BE	4	700	800	132.67
BE	4	800	900	142.81
BE	4	900	1000	152.87
BE	4	1000	1100	162.82
BE	4	1100	1200	170.35
BE	4	1200	1300	180.06
BE	4	1300	1400	192.16
BE	4	1400	1500	205.74
BE	4	1500	1600	217.4
BE	4	1600	1700	231.5
BE	4	1700	1800	246.71
BE	4	1800	1900	262.2
BE	4	1900	2000	271.44
BE	4	2000	2100	283.54
BE	4	2100	2200	295.69
BE	4	2200	2300	307.91
BE	4	2300	2400	317.15
BE	4	2400	2500	329.4
BG	1	0	30	57.98
BG	1	30	50	65.46
BG	1	50	75	72.95
BG	1	75	100	79.97
BG	1	100	150	99.29
BG	1	150	200	111.83
BG	1	200	250	129.87
BG	1	250	300	145.07
BG	1	300	350	162.88
BG	1	350	400	176.22
BG	1	400	450	194.78
BG	1	450	500	209.99
BG	1	500	600	237.15
BG	1	600	700	269.48
BG	1	700	800	296.05
BG	1	800	900	325.77
BG	1	900	1000	355.47
BG	1	1000	1100	385.05
BG	1	1100	1200	411.38
BG	1	1200	1300	440.84
BG	1	1300	1400	470.6
BG	1	1400	1500	502.2
BG	1	1500	1600	530.95
BG	1	1600	1700	562.87
BG	1	1700	1800	595.72
BG	1	1800	1900	628.72
BG	1	1900	2000	656.04
BG	1	2000	2100	687.1
BG	1	2100	2200	718.19
BG	1	2200	2300	749.36
BG	1	2300	2400	776.66
BG	1	2400	2500	807.85
BG	2	0	30	60.35
BG	2	30	50	67.64
BG	2	50	75	74.92
BG	2	75	100	81.94
BG	2	100	150	102.12
BG	2	150	200	114.65
BG	2	200	250	133.43
BG	2	250	300	148.62
BG	2	300	350	167.04
BG	2	350	400	180.4
BG	2	400	450	199.69
BG	2	450	500	214.9
BG	2	500	600	242.79
BG	2	600	700	275.79
BG	2	700	800	303.06
BG	2	800	900	333.44
BG	2	900	1000	363.77
BG	2	1000	1100	393.98
BG	2	1100	1200	420.9
BG	2	1200	1300	450.94
BG	2	1300	1400	481.87
BG	2	1400	1500	514.7
BG	2	1500	1600	544.72
BG	2	1600	1700	577.98
BG	2	1700	1800	612.23
BG	2	1800	1900	646.71
BG	2	1900	2000	674.9
BG	2	2000	2100	706.85
BG	2	2100	2200	738.82
BG	2	2200	2300	770.89
BG	2	2300	2400	799.09
BG	2	2400	2500	831.15
BG	3	0	30	62.72
BG	3	30	50	70.11
BG	3	50	75	77.49
BG	3	75	100	84.5
BG	3	100	150	106.04
BG	3	150	200	119.44
BG	3	200	250	139.58
BG	3	250	300	156.31
BG	3	300	350	176.14
BG	3	350	400	190.37
BG	3	400	450	211.01
BG	3	450	500	227.76
BG	3	500	600	257.9
BG	3	600	700	294.48
BG	3	700	800	323.35
BG	3	800	900	356.64
BG	3	900	1000	389.91
BG	3	1000	1100	423.05
BG	3	1100	1200	451.58
BG	3	1200	1300	484.55
BG	3	1300	1400	518.28
BG	3	1400	1500	553.92
BG	3	1500	1600	585.4
BG	3	1600	1700	621.43
BG	3	1700	1800	658.42
BG	3	1800	1900	695.63
BG	3	1900	2000	725.38
BG	3	2000	2100	760.21
BG	3	2100	2200	795.04
BG	3	2200	2300	829.97
BG	3	2300	2400	859.73
BG	3	2400	2500	894.66
BG	4	0	30	63.9
BG	4	30	50	71.86
BG	4	50	75	79.8
BG	4	75	100	86.96
BG	4	100	150	109.32
BG	4	150	200	123.42
BG	4	200	250	144.43
BG	4	250	300	162.28
BG	4	300	350	182.99
BG	4	350	400	197.95
BG	4	400	450	219.45
BG	4	450	500	237.32
BG	4	500	600	268.96
BG	4	600	700	307.88
BG	4	700	800	337.87
BG	4	800	900	373.12
BG	4	900	1000	408.3
BG	4	1000	1100	443.4
BG	4	1100	1200	473.11
BG	4	1200	1300	508.05
BG	4	1300	1400	543.5
BG	4	1400	1500	580.84
BG	4	1500	1600	613.26
BG	4	1600	1700	650.99
BG	4	1700	1800	689.66
BG	4	1800	1900	728.52
BG	4	1900	2000	759.35
BG	4	2000	2100	796.04
BG	4	2100	2200	832.74
BG	4	2200	2300	869.53
BG	4	2300	2400	900.34
BG	4	2400	2500	937.15
BG	5	0	30	65.09
BG	5	30	50	72.94
BG	5	50	75	80.81
BG	5	75	100	87.96
BG	5	100	150	110.75
BG	5	150	200	124.87
BG	5	200	250	146.24
BG	5	250	300	164.08
BG	5	300	350	185.13
BG	5	350	400	200.07
BG	5	400	450	221.95
BG	5	450	500	239.82
BG	5	500	600	271.85
BG	5	600	700	311.08
BG	5	700	800	341.45
BG	5	800	900	377.03
BG	5	900	1000	412.55
BG	5	1000	1100	447.95
BG	5	1100	1200	477.96
BG	5	1200	1300	513.21
BG	5	1300	1400	549.24
BG	5	1400	1500	587.23
BG	5	1500	1600	620.3
BG	5	1600	1700	658.7
BG	5	1700	1800	698.09
BG	5	1800	1900	737.69
BG	5	1900	2000	768.96
BG	5	2000	2100	806.11
BG	5	2100	2200	843.26
BG	5	2200	2300	880.51
BG	5	2300	2400	911.79
BG	5	2400	2500	949.03
BG	6	0	30	66.27
BG	6	30	50	74.16
BG	6	50	75	82.06
BG	6	75	100	89.21
BG	6	100	150	112.59
BG	6	150	200	126.7
BG	6	200	250	148.58
BG	6	250	300	166.41
BG	6	300	350	187.88
BG	6	350	400	202.83
BG	6	400	450	225.21
BG	6	450	500	243.09
BG	6	500	600	275.58
BG	6	600	700	315.32
BG	6	700	800	346.14
BG	6	800	900	382.18
BG	6	900	1000	418.12
BG	6	1000	1100	453.95
BG	6	1100	1200	484.37
BG	6	1200	1300	520.01
BG	6	1300	1400	556.84
BG	6	1400	1500	595.64
BG	6	1500	1600	629.58
BG	6	1600	1700	668.89
BG	6	1700	1800	709.23
BG	6	1800	1900	749.83
BG	6	1900	2000	781.7
BG	6	2000	2100	819.44
BG	6	2100	2200	857.21
BG	6	2200	2300	895.06
BG	6	2300	2400	926.93
BG	6	2400	2500	964.78
BG	7	0	30	68.64
BG	7	30	50	76.2
BG	7	50	75	83.77
BG	7	75	100	90.91
BG	7	100	150	115.17
BG	7	150	200	129.29
BG	7	200	250	151.88
BG	7	250	300	169.72
BG	7	300	350	191.88
BG	7	350	400	206.82
BG	7	400	450	229.96
BG	7	450	500	247.83
BG	7	500	600	281.05
BG	7	600	700	321.51
BG	7	700	800	353.02
BG	7	800	900	389.72
BG	7	900	1000	426.33
BG	7	1000	1100	462.81
BG	7	1100	1200	493.85
BG	7	1200	1300	530.08
BG	7	1300	1400	568.08
BG	7	1400	1500	608.12
BG	7	1500	1600	643.36
BG	7	1600	1700	684.01
BG	7	1700	1800	725.78
BG	7	1800	1900	767.83
BG	7	1900	2000	800.64
BG	7	2000	2100	839.29
BG	7	2100	2200	877.95
BG	7	2200	2300	916.72
BG	7	2300	2400	949.49
BG	7	2400	2500	988.27
CZ	1	0	30	42.26
CZ	1	30	50	42.26
CZ	1	50	75	42.26
CZ	1	75	100	42.26
CZ	1	100	150	44.06
CZ	1	150	200	49.42
CZ	1	200	250	54.95
CZ	1	250	300	60.31
CZ	1	300	350	65.72
CZ	1	350	400	69
CZ	1	400	450	76.2
CZ	1	450	500	80
CZ	1	500	600	88.08
CZ	1	600	700	97.7
CZ	1	700	800	104.21
CZ	1	800	900	112.8
CZ	1	900	1000	121.37
CZ	1	1000	1100	129.86
CZ	1	1100	1200	136.19
CZ	1	1200	1300	144.59
CZ	1	1300	1400	153.26
CZ	1	1400	1500	163.15
CZ	1	1500	1600	171.14
CZ	1	1600	1700	181.23
CZ	1	1700	1800	191.99
CZ	1	1800	1900	202.87
CZ	1	1900	2000	209.86
CZ	1	2000	2100	219.43
CZ	1	2100	2200	228.96
CZ	1	2200	2300	238.57
CZ	1	2300	2400	245.57
CZ	1	2400	2500	255.2
CZ	2	0	30	42.26
CZ	2	30	50	42.26
CZ	2	50	75	42.26
CZ	2	75	100	42.26
CZ	2	100	150	47.82
CZ	2	150	200	54.18
CZ	2	200	250	59.92
CZ	2	250	300	65.55
CZ	2	300	350	71.26
CZ	2	350	400	74.81
CZ	2	400	450	82.54
CZ	2	450	500	86.63
CZ	2	500	600	94.9
CZ	2	600	700	105.06
CZ	2	700	800	112.13
CZ	2	800	900	121.3
CZ	2	900	1000	130.41
CZ	2	1000	1100	139.45
CZ	2	1100	1200	146.34
CZ	2	1200	1300	155.3
CZ	2	1300	1400	164.55
CZ	2	1400	1500	174.99
CZ	2	1500	1600	183.55
CZ	2	1600	1700	194.22
CZ	2	1700	1800	205.55
CZ	2	1800	1900	217
CZ	2	1900	2000	224.53
CZ	2	2000	2100	234.65
CZ	2	2100	2200	244.78
CZ	2	2200	2300	254.93
CZ	2	2300	2400	262.49
CZ	2	2400	2500	272.67
CZ	3	0	30	42.26
CZ	3	30	50	42.26
CZ	3	50	75	42.26
CZ	3	75	100	43.98
CZ	3	100	150	49.69
CZ	3	150	200	56.12
CZ	3	200	250	62.12
CZ	3	250	300	67.75
CZ	3	300	350	73.68
CZ	3	350	400	77.22
CZ	3	400	450	85.26
CZ	3	450	500	89.34
CZ	3	500	600	97.89
CZ	3	600	700	108.34
CZ	3	700	800	115.68
CZ	3	800	900	125.09
CZ	3	900	1000	134.45
CZ	3	1000	1100	143.76
CZ	3	1100	1200	150.87
CZ	3	1200	1300	160.05
CZ	3	1300	1400	169.8
CZ	3	1400	1500	180.79
CZ	3	1500	1600	189.88
CZ	3	1600	1700	201.12
CZ	3	1700	1800	213.06
CZ	3	1800	1900	225.11
CZ	3	1900	2000	233.04
CZ	3	2000	2100	243.51
CZ	3	2100	2200	253.98
CZ	3	2200	2300	264.52
CZ	3	2300	2400	272.42
CZ	3	2400	2500	282.99
CZ	4	0	30	42.26
CZ	4	30	50	42.26
CZ	4	50	75	42.26
CZ	4	75	100	47.02
CZ	4	100	150	53.2
CZ	4	150	200	60.21
CZ	4	200	250	67.17
CZ	4	250	300	73.65
CZ	4	300	350	80.52
CZ	4	350	400	84.55
CZ	4	400	450	93.59
CZ	4	450	500	98.5
CZ	4	500	600	108.52
CZ	4	600	700	121.14
CZ	4	700	800	129.58
CZ	4	800	900	140.79
CZ	4	900	1000	151.98
CZ	4	1000	1100	163.08
CZ	4	1100	1200	171.28
CZ	4	1200	1300	182.25
CZ	4	1300	1400	193.94
CZ	4	1400	1500	206.88
CZ	4	1500	1600	217.26
CZ	4	1600	1700	230.49
CZ	4	1700	1800	244.43
CZ	4	1800	1900	258.51
CZ	4	1900	2000	267.58
CZ	4	2000	2100	279.92
CZ	4	2100	2200	292.27
CZ	4	2200	2300	304.67
CZ	4	2300	2400	313.74
CZ	4	2400	2500	326.17
CZ	5	0	30	42.26
CZ	5	30	50	42.26
CZ	5	50	75	42.26
CZ	5	75	100	46.13
CZ	5	100	150	51.44
CZ	5	150	200	57.38
CZ	5	200	250	64.49
CZ	5	250	300	70.89
CZ	5	300	350	77.84
CZ	5	350	400	81.68
CZ	5	400	450	90.55
CZ	5	450	500	95.39
CZ	5	500	600	105.69
CZ	5	600	700	118.48
CZ	5	700	800	126.69
CZ	5	800	900	137.93
CZ	5	900	1000	149.13
CZ	5	1000	1100	160.24
CZ	5	1100	1200	168.21
CZ	5	1200	1300	179.18
CZ	5	1300	1400	191.04
CZ	5	1400	1500	204.16
CZ	5	1500	1600	214.48
CZ	5	1600	1700	227.92
CZ	5	1700	1800	242.09
CZ	5	1800	1900	256.4
CZ	5	1900	2000	265.31
CZ	5	2000	2100	277.74
CZ	5	2100	2200	290.17
CZ	5	2200	2300	302.65
CZ	5	2300	2400	311.56
CZ	5	2400	2500	324.07
CZ	6	0	30	42.26
CZ	6	30	50	42.26
CZ	6	50	75	42.59
CZ	6	75	100	47.4
CZ	6	100	150	52.74
CZ	6	150	200	58.7
CZ	6	200	250	65.98
CZ	6	250	300	72.38
CZ	6	300	350	79.47
CZ	6	350	400	83.31
CZ	6	400	450	92.39
CZ	6	450	500	97.23
CZ	6	500	600	107.73
CZ	6	600	700	120.7
CZ	6	700	800	129.1
CZ	6	800	900	140.5
CZ	6	900	1000	151.88
CZ	6	1000	1100	163.16
CZ	6	1100	1200	171.29
CZ	6	1200	1300	182.42
CZ	6	1300	1400	194.6
CZ	6	1400	1500	208.09
CZ	6	1500	1600	218.78
CZ	6	1600	1700	232.6
CZ	6	1700	1800	247.19
CZ	6	1800	1900	261.92
CZ	6	1900	2000	271.07
CZ	6	2000	2100	283.74
CZ	6	2100	2200	296.42
CZ	6	2200	2300	309.14
CZ	6	2300	2400	318.3
CZ	6	2400	2500	331.07
CZ	7	0	30	42.26
CZ	7	30	50	42.26
CZ	7	50	75	45.75
CZ	7	75	100	51.36
CZ	7	100	150	57.65
CZ	7	150	200	64.71
CZ	7	200	250	72.39
CZ	7	250	300	79.1
CZ	7	300	350	86.65
CZ	7	350	400	90.79
CZ	7	400	450	100.62
CZ	7	450	500	105.78
CZ	7	500	600	116.7
CZ	7	600	700	130.44
CZ	7	700	800	139.64
CZ	7	800	900	151.82
CZ	7	900	1000	163.96
CZ	7	1000	1100	176
CZ	7	1100	1200	184.91
CZ	7	1200	1300	196.79
CZ	7	1300	1400	209.92
CZ	7	1400	1500	224.33
CZ	7	1500	1600	235.97
CZ	7	1600	1700	250.76
CZ	7	1700	1800	266.32
CZ	7	1800	1900	282.06
CZ	7	1900	2000	292.06
CZ	7	2000	2100	305.57
CZ	7	2100	2200	319.07
CZ	7	2200	2300	332.64
CZ	7	2300	2400	342.64
CZ	7	2400	2500	356.24
DK	1	0	30	42.26
DK	1	30	50	42.26
DK	1	50	75	42.26
DK	1	75	100	43.25
DK	1	100	150	51.33
DK	1	150	200	54.27
DK	1	200	250	62.16
DK	1	250	300	66.73
DK	1	300	350	74.11
DK	1	350	400	79.3
DK	1	400	450	84.49
DK	1	450	500	89.46
DK	1	500	600	97.86
DK	1	600	700	109.53
DK	1	700	800	116.59
DK	1	800	900	125.97
DK	1	900	1000	135.27
DK	1	1000	1100	144.47
DK	1	1100	1200	151.27
DK	1	1200	1300	160.36
DK	1	1300	1400	170.51
DK	1	1400	1500	181.93
DK	1	1500	1600	191.34
DK	1	1600	1700	203.11
DK	1	1700	1800	215.95
DK	1	1800	1900	229.01
DK	1	1900	2000	236.86
DK	1	2000	2100	247.81
DK	1	2100	2200	258.81
DK	1	2200	2300	269.89
DK	1	2300	2400	277.76
DK	1	2400	2500	288.89
DK	2	0	30	42.26
DK	2	30	50	42.9
DK	2	50	75	48.51
DK	2	75	100	51.18
DK	2	100	150	61.26
DK	2	150	200	64.71
DK	2	200	250	74.21
DK	2	250	300	79.3
DK	2	300	350	88.17
DK	2	350	400	94.5
DK	2	400	450	100.84
DK	2	450	500	106.33
DK	2	500	600	117.01
DK	2	600	700	130.89
DK	2	700	800	140.16
DK	2	800	900	151.68
DK	2	900	1000	163.12
DK	2	1000	1100	174.39
DK	2	1100	1200	183.29
DK	2	1200	1300	194.38
DK	2	1300	1400	207.72
DK	2	1400	1500	222.45
DK	2	1500	1600	235.28
DK	2	1600	1700	250.56
DK	2	1700	1800	267.03
DK	2	1800	1900	283.78
DK	2	1900	2000	294.24
DK	2	2000	2100	307.82
DK	2	2100	2200	321.43
DK	2	2200	2300	335.09
DK	2	2300	2400	345.57
DK	2	2400	2500	359.29
DK	3	0	30	42.99
DK	3	30	50	44.09
DK	3	50	75	49.76
DK	3	75	100	52.44
DK	3	100	150	62.8
DK	3	150	200	66.3
DK	3	200	250	76.01
DK	3	250	300	81.14
DK	3	300	350	90.22
DK	3	350	400	96.68
DK	3	400	450	103.14
DK	3	450	500	108.69
DK	3	500	600	119.62
DK	3	600	700	133.78
DK	3	700	800	143.27
DK	3	800	900	155.02
DK	3	900	1000	166.71
DK	3	1000	1100	178.21
DK	3	1100	1200	187.3
DK	3	1200	1300	198.6
DK	3	1300	1400	212.33
DK	3	1400	1500	227.47
DK	3	1500	1600	240.67
DK	3	1600	1700	256.39
DK	3	1700	1800	273.32
DK	3	1800	1900	290.52
DK	3	1900	2000	301.29
DK	3	2000	2100	315.15
DK	3	2100	2200	329.08
DK	3	2200	2300	343.04
DK	3	2300	2400	353.81
DK	3	2400	2500	367.84
DK	4	0	30	44.12
DK	4	30	50	45.45
DK	4	50	75	51.06
DK	4	75	100	53.72
DK	4	100	150	64.37
DK	4	150	200	67.81
DK	4	200	250	77.73
DK	4	250	300	82.81
DK	4	300	350	92.02
DK	4	350	400	98.61
DK	4	400	450	105.18
DK	4	450	500	110.67
DK	4	500	600	121.79
DK	4	600	700	136.12
DK	4	700	800	145.83
DK	4	800	900	157.75
DK	4	900	1000	169.61
DK	4	1000	1100	181.27
DK	4	1100	1200	190.52
DK	4	1200	1300	201.99
DK	4	1300	1400	216.14
DK	4	1400	1500	231.72
DK	4	1500	1600	245.42
DK	4	1600	1700	261.61
DK	4	1700	1800	279.03
DK	4	1800	1900	296.79
DK	4	1900	2000	307.83
DK	4	2000	2100	321.98
DK	4	2100	2200	336.17
DK	4	2200	2300	350.42
DK	4	2300	2400	361.47
DK	4	2400	2500	375.77
DK	5	0	30	47.17
DK	5	30	50	48.32
DK	5	50	75	53.93
DK	5	75	100	56.6
DK	5	100	150	67.55
DK	5	150	200	70.5
DK	5	200	250	80.5
DK	5	250	300	85.07
DK	5	300	350	94.32
DK	5	350	400	101.81
DK	5	400	450	109.31
DK	5	450	500	114.37
DK	5	500	600	125.37
DK	5	600	700	139.64
DK	5	700	800	149.15
DK	5	800	900	160.9
DK	5	900	1000	172.58
DK	5	1000	1100	184.02
DK	5	1100	1200	193.01
DK	5	1200	1300	204.21
DK	5	1300	1400	218.83
DK	5	1400	1500	237.3
DK	5	1500	1600	251.73
DK	5	1600	1700	268.78
DK	5	1700	1800	287.2
DK	5	1800	1900	305.97
DK	5	1900	2000	317.18
DK	5	2000	2100	331.61
DK	5	2100	2200	346.09
DK	5	2200	2300	360.61
DK	5	2300	2400	371.86
DK	5	2400	2500	386.43
DK	6	0	30	50.97
DK	6	30	50	52.22
DK	6	50	75	57.81
DK	6	75	100	60.48
DK	6	100	150	72.58
DK	6	150	200	76.02
DK	6	200	250	87.01
DK	6	250	300	92.1
DK	6	300	350	102.26
DK	6	350	400	109.46
DK	6	400	450	116.66
DK	6	450	500	122.14
DK	6	500	600	134.48
DK	6	600	700	149.99
DK	6	700	800	160.83
DK	6	800	900	173.85
DK	6	900	1000	186.77
DK	6	1000	1100	199.47
DK	6	1100	1200	209.75
DK	6	1200	1300	222.17
DK	6	1300	1400	238.43
DK	6	1400	1500	256.25
DK	6	1500	1600	272.27
DK	6	1600	1700	290.89
DK	6	1700	1800	310.88
DK	6	1800	1900	331.25
DK	6	1900	2000	343.82
DK	6	2000	2100	359.52
DK	6	2100	2200	375.26
DK	6	2200	2300	391.02
DK	6	2300	2400	403.63
DK	6	2400	2500	419.48
DK	7	0	30	58.58
DK	7	30	50	59.56
DK	7	50	75	65.17
DK	7	75	100	67.83
DK	7	100	150	81.49
DK	7	150	200	84.96
DK	7	200	250	97.11
DK	7	250	300	102.21
DK	7	300	350	113.4
DK	7	350	400	121.26
DK	7	400	450	129.15
DK	7	450	500	134.64
DK	7	500	600	148.29
DK	7	600	700	165.08
DK	7	700	800	177.16
DK	7	800	900	191.36
DK	7	900	1000	205.45
DK	7	1000	1100	219.28
DK	7	1100	1200	230.64
DK	7	1200	1300	244.13
DK	7	1300	1400	262.69
DK	7	1400	1500	282.95
DK	7	1500	1600	301.49
DK	7	1600	1700	322.75
DK	7	1700	1800	345.52
DK	7	1800	1900	368.75
DK	7	1900	2000	383
DK	7	2000	2100	400.35
DK	7	2100	2200	417.78
DK	7	2200	2300	435.21
DK	7	2300	2400	449.51
DK	7	2400	2500	467.01
EE	1	0	30	42.26
EE	1	30	50	42.26
EE	1	50	75	45.26
EE	1	75	100	49.6
EE	1	100	150	61.09
EE	1	150	200	68.38
EE	1	200	250	79.32
EE	1	250	300	88.37
EE	1	300	350	99.05
EE	1	350	400	106.61
EE	1	400	450	117.32
EE	1	450	500	126.36
EE	1	500	600	142.01
EE	1	600	700	161.1
EE	1	700	800	175.62
EE	1	800	900	192.71
EE	1	900	1000	209.76
EE	1	1000	1100	226.75
EE	1	1100	1200	241.09
EE	1	1200	1300	258.03
EE	1	1300	1400	274.72
EE	1	1400	1500	292.89
EE	1	1500	1600	308.69
EE	1	1600	1700	327.05
EE	1	1700	1800	346.05
EE	1	1800	1900	365.17
EE	1	1900	2000	380.12
EE	1	2000	2100	398.07
EE	1	2100	2200	416.04
EE	1	2200	2300	434.08
EE	1	2300	2400	449.03
EE	1	2400	2500	467.08
EE	2	0	30	42.26
EE	2	30	50	43.69
EE	2	50	75	47.63
EE	2	75	100	51.9
EE	2	100	150	63.88
EE	2	150	200	71.17
EE	2	200	250	82.48
EE	2	250	300	91.52
EE	2	300	350	102.54
EE	2	350	400	110.1
EE	2	400	450	121.22
EE	2	450	500	130.25
EE	2	500	600	146.33
EE	2	600	700	165.83
EE	2	700	800	180.73
EE	2	800	900	198.19
EE	2	900	1000	215.59
EE	2	1000	1100	232.94
EE	2	1100	1200	247.62
EE	2	1200	1300	264.89
EE	2	1300	1400	282.3
EE	2	1400	1500	301.23
EE	2	1500	1600	317.82
EE	2	1600	1700	337.02
EE	2	1700	1800	356.87
EE	2	1800	1900	376.9
EE	2	1900	2000	392.36
EE	2	2000	2100	410.84
EE	2	2100	2200	429.33
EE	2	2200	2300	447.9
EE	2	2300	2400	463.37
EE	2	2400	2500	481.95
EE	3	0	30	46.37
EE	3	30	50	49.92
EE	3	50	75	53.76
EE	3	75	100	57.88
EE	3	100	150	71.16
EE	3	150	200	78.46
EE	3	200	250	90.7
EE	3	250	300	99.75
EE	3	300	350	111.59
EE	3	350	400	119.14
EE	3	400	450	131.38
EE	3	450	500	140.41
EE	3	500	600	157.56
EE	3	600	700	178.09
EE	3	700	800	194.01
EE	3	800	900	212.44
EE	3	900	1000	230.79
EE	3	1000	1100	249.05
EE	3	1100	1200	264.61
EE	3	1200	1300	282.74
EE	3	1300	1400	302.03
EE	3	1400	1500	322.96
EE	3	1500	1600	341.61
EE	3	1600	1700	362.92
EE	3	1700	1800	385.06
EE	3	1800	1900	407.39
EE	3	1900	2000	424.24
EE	3	2000	2100	444.06
EE	3	2100	2200	463.93
EE	3	2200	2300	483.85
EE	3	2300	2400	500.69
EE	3	2400	2500	520.62
EE	4	0	30	48.3
EE	4	30	50	52
EE	4	50	75	55.97
EE	4	75	100	60.26
EE	4	100	150	74.05
EE	4	150	200	81.33
EE	4	200	250	93.96
EE	4	250	300	103.02
EE	4	300	350	115.19
EE	4	350	400	122.75
EE	4	400	450	135.41
EE	4	450	500	144.44
EE	4	500	600	162.03
EE	4	600	700	182.97
EE	4	700	800	199.3
EE	4	800	900	218.1
EE	4	900	1000	236.83
EE	4	1000	1100	255.44
EE	4	1100	1200	271.37
EE	4	1200	1300	289.85
EE	4	1300	1400	309.87
EE	4	1400	1500	331.6
EE	4	1500	1600	351.05
EE	4	1600	1700	373.24
EE	4	1700	1800	396.27
EE	4	1800	1900	419.51
EE	4	1900	2000	436.91
EE	4	2000	2100	457.29
EE	4	2100	2200	477.68
EE	4	2200	2300	498.14
EE	4	2300	2400	515.53
EE	4	2400	2500	535.99
EE	5	0	30	54.1
EE	5	30	50	57.84
EE	5	50	75	61.86
EE	5	75	100	66.15
EE	5	100	150	81.22
EE	5	150	200	88.52
EE	5	200	250	102.08
EE	5	250	300	111.12
EE	5	300	350	124.13
EE	5	350	400	131.69
EE	5	400	450	145.44
EE	5	450	500	154.47
EE	5	500	600	173.1
EE	5	600	700	195.07
EE	5	700	800	212.4
EE	5	800	900	232.16
EE	5	900	1000	251.81
EE	5	1000	1100	271.34
EE	5	1100	1200	288.14
EE	5	1200	1300	307.46
EE	5	1300	1400	329.34
EE	5	1400	1500	353.04
EE	5	1500	1600	374.5
EE	5	1600	1700	398.81
EE	5	1700	1800	424.07
EE	5	1800	1900	449.61
EE	5	1900	2000	468.35
EE	5	2000	2100	490.07
EE	5	2100	2200	511.81
EE	5	2200	2300	533.61
EE	5	2300	2400	552.34
EE	5	2400	2500	574.17
ES	1	0	30	52.16
ES	1	30	50	58.2
ES	1	50	75	64.94
ES	1	75	100	72.46
ES	1	100	150	80.84
ES	1	150	200	90.21
ES	1	200	250	102.09
ES	1	250	300	112.8
ES	1	300	350	124.36
ES	1	350	400	131.95
ES	1	400	450	146.72
ES	1	450	500	154.97
ES	1	500	600	174.12
ES	1	600	700	194.92
ES	1	700	800	211.63
ES	1	800	900	231.04
ES	1	900	1000	250.36
ES	1	1000	1100	269.58
ES	1	1100	1200	285.86
ES	1	1200	1300	304.87
ES	1	1300	1400	325.76
ES	1	1400	1500	348.32
ES	1	1500	1600	368.51
ES	1	1600	1700	391.61
ES	1	1700	1800	415.88
ES	1	1800	1900	440.48
ES	1	1900	2000	458.36
ES	1	2000	2100	479.76
ES	1	2100	2200	501.21
ES	1	2200	2300	522.75
ES	1	2300	2400	540.62
ES	1	2400	2500	562.21
ES	2	0	30	57.96
ES	2	30	50	64.45
ES	2	50	75	71.64
ES	2	75	100	79.64
ES	2	100	150	88.56
ES	2	150	200	98.46
ES	2	200	250	112.09
ES	2	250	300	124.08
ES	2	300	350	137.32
ES	2	350	400	145.83
ES	2	400	450	162.37
ES	2	450	500	171.93
ES	2	500	600	193.78
ES	2	600	700	218.01
ES	2	700	800	237.04
ES	2	800	900	259.47
ES	2	900	1000	281.81
ES	2	1000	1100	304.03
ES	2	1100	1200	322.56
ES	2	1200	1300	344.55
ES	2	1300	1400	368.9
ES	2	1400	1500	394.98
ES	2	1500	1600	417.97
ES	2	1600	1700	444.66
ES	2	1700	1800	472.59
ES	2	1800	1900	500.86
ES	2	1900	2000	521.22
ES	2	2000	2100	545.84
ES	2	2100	2200	570.51
ES	2	2200	2300	595.27
ES	2	2300	2400	615.6
ES	2	2400	2500	640.44
ES	3	0	30	61.82
ES	3	30	50	68.48
ES	3	50	75	75.85
ES	3	75	100	84.03
ES	3	100	150	93.08
ES	3	150	200	103.11
ES	3	200	250	117.37
ES	3	250	300	129.36
ES	3	300	350	143.13
ES	3	350	400	151.63
ES	3	400	450	168.88
ES	3	450	500	178.44
ES	3	500	600	200.98
ES	3	600	700	225.88
ES	3	700	800	245.53
ES	3	800	900	268.58
ES	3	900	1000	291.55
ES	3	1000	1100	314.35
ES	3	1100	1200	333.45
ES	3	1200	1300	355.99
ES	3	1300	1400	381.55
ES	3	1400	1500	408.88
ES	3	1500	1600	433.22
ES	3	1600	1700	461.27
ES	3	1700	1800	490.63
ES	3	1800	1900	520.41
ES	3	1900	2000	541.63
ES	3	2000	2100	567.13
ES	3	2100	2200	592.66
ES	3	2200	2300	618.29
ES	3	2300	2400	639.51
ES	3	2400	2500	665.22
ES	4	0	30	67.14
ES	4	30	50	74.05
ES	4	50	75	81.65
ES	4	75	100	90.06
ES	4	100	150	99.33
ES	4	150	200	109.55
ES	4	200	250	124.65
ES	4	250	300	136.64
ES	4	300	350	151.15
ES	4	350	400	159.65
ES	4	400	450	177.89
ES	4	450	500	187.43
ES	4	500	600	210.92
ES	4	600	700	236.74
ES	4	700	800	257.3
ES	4	800	900	281.21
ES	4	900	1000	305.01
ES	4	1000	1100	328.61
ES	4	1100	1200	348.51
ES	4	1200	1300	371.82
ES	4	1300	1400	399.02
ES	4	1400	1500	428.12
ES	4	1500	1600	454.27
ES	4	1600	1700	484.22
ES	4	1700	1800	515.59
ES	4	1800	1900	547.43
ES	4	1900	2000	569.87
ES	4	2000	2100	596.57
ES	4	2100	2200	623.3
ES	4	2200	2300	650.14
ES	4	2300	2400	672.57
ES	4	2400	2500	699.47
ES	5	0	30	70.52
ES	5	30	50	77.73
ES	5	50	75	85.67
ES	5	75	100	94.43
ES	5	100	150	104.09
ES	5	150	200	114.72
ES	5	200	250	130.91
ES	5	250	300	143.7
ES	5	300	350	159.24
ES	5	350	400	168.35
ES	5	400	450	187.72
ES	5	450	500	198.05
ES	5	500	600	223.27
ES	5	600	700	251.18
ES	5	700	800	273.26
ES	5	800	900	299.04
ES	5	900	1000	324.71
ES	5	1000	1100	350.18
ES	5	1100	1200	371.56
ES	5	1200	1300	396.7
ES	5	1300	1400	426.06
ES	5	1400	1500	457.34
ES	5	1500	1600	485.33
ES	5	1600	1700	517.51
ES	5	1700	1800	551.16
ES	5	1800	1900	585.28
ES	5	1900	2000	609.33
ES	5	2000	2100	638.04
ES	5	2100	2200	666.77
ES	5	2200	2300	695.59
ES	5	2300	2400	719.66
ES	5	2400	2500	748.57
ES	6	0	30	83.08
ES	6	30	50	90.7
ES	6	50	75	99.02
ES	6	75	100	108.11
ES	6	100	150	118.02
ES	6	150	200	128.85
ES	6	200	250	152.08
ES	6	250	300	163.55
ES	6	300	350	187.3
ES	6	350	400	195.64
ES	6	400	450	222.68
ES	6	450	500	231.7
ES	6	500	600	267.27
ES	6	600	700	301.33
ES	6	700	800	331.44
ES	6	800	900	364.49
ES	6	900	1000	399.17
ES	6	1000	1100	420.86
ES	6	1100	1200	451.1
ES	6	1200	1300	484.04
ES	6	1300	1400	518.55
ES	6	1400	1500	554.7
ES	6	1500	1600	588.45
ES	6	1600	1700	625.08
ES	6	1700	1800	662.84
ES	6	1800	1900	700.91
ES	6	1900	2000	732.55
ES	6	2000	2100	767.75
ES	6	2100	2200	803
ES	6	2200	2300	838.32
ES	6	2300	2400	869.98
ES	6	2400	2500	905.36
ES	7	0	30	149.73
ES	7	30	50	167.22
ES	7	50	75	186.77
ES	7	75	100	208.59
ES	7	100	150	232.97
ES	7	150	200	260.22
ES	7	200	250	334.79
ES	7	250	300	346.7
ES	7	300	350	409.68
ES	7	350	400	418.47
ES	7	400	450	498.47
ES	7	450	500	507.93
ES	7	500	600	554.32
ES	7	600	700	630.57
ES	7	700	800	700.59
ES	7	800	900	765.1
ES	7	900	1000	833.45
ES	7	1000	1100	871.32
ES	7	1100	1200	905.66
ES	7	1200	1300	946.3
ES	7	1300	1400	1027.56
ES	7	1400	1500	1113.93
ES	7	1500	1600	1199.8
ES	7	1600	1700	1291.21
ES	7	1700	1800	1395.89
ES	7	1800	1900	1511.92
ES	7	1900	2000	1589.26
ES	7	2000	2100	1670.28
ES	7	2100	2200	1751.34
ES	7	2200	2300	1823.86
ES	7	2300	2400	1884.09
ES	7	2400	2500	1948.04
FI	1	0	30	49.02
FI	1	30	50	50.88
FI	1	50	75	57.1
FI	1	75	100	60.07
FI	1	100	150	73.82
FI	1	150	200	80.82
FI	1	200	250	93.92
FI	1	250	300	102.69
FI	1	300	350	115.21
FI	1	350	400	122.44
FI	1	400	450	135.09
FI	1	450	500	144.23
FI	1	500	600	161.87
FI	1	600	700	183
FI	1	700	800	199.19
FI	1	800	900	217.82
FI	1	900	1000	236.38
FI	1	1000	1100	254.79
FI	1	1100	1200	270.59
FI	1	1200	1300	288.82
FI	1	1300	1400	309.11
FI	1	1400	1500	330.91
FI	1	1500	1600	350.54
FI	1	1600	1700	372.82
FI	1	1700	1800	396.33
FI	1	1800	1900	420.13
FI	1	1900	2000	437.49
FI	1	2000	2100	458.14
FI	1	2100	2200	478.84
FI	1	2200	2300	499.6
FI	1	2300	2400	516.97
FI	1	2400	2500	537.77
FI	2	0	30	55.79
FI	2	30	50	57.18
FI	2	50	75	63.41
FI	2	75	100	66.36
FI	2	100	150	81.46
FI	2	150	200	88.47
FI	2	200	250	102.57
FI	2	250	300	111.33
FI	2	300	350	124.75
FI	2	350	400	132
FI	2	400	450	145.79
FI	2	450	500	154.93
FI	2	500	600	173.69
FI	2	600	700	195.93
FI	2	700	800	213.16
FI	2	800	900	232.82
FI	2	900	1000	252.38
FI	2	1000	1100	271.76
FI	2	1100	1200	288.5
FI	2	1200	1300	307.64
FI	2	1300	1400	329.89
FI	2	1400	1500	353.77
FI	2	1500	1600	375.56
FI	2	1600	1700	400.1
FI	2	1700	1800	426
FI	2	1800	1900	452.24
FI	2	1900	2000	471.05
FI	2	2000	2100	493.12
FI	2	2100	2200	515.27
FI	2	2200	2300	537.44
FI	2	2300	2400	556.25
FI	2	2400	2500	578.48
FI	3	0	30	62.55
FI	3	30	50	63.75
FI	3	50	75	69.97
FI	3	75	100	72.93
FI	3	100	150	89.44
FI	3	150	200	96.44
FI	3	200	250	111.59
FI	3	250	300	120.35
FI	3	300	350	134.68
FI	3	350	400	141.93
FI	3	400	450	156.94
FI	3	450	500	166.08
FI	3	500	600	186.02
FI	3	600	700	209.4
FI	3	700	800	227.75
FI	3	800	900	248.45
FI	3	900	1000	269.05
FI	3	1000	1100	289.45
FI	3	1100	1200	307.16
FI	3	1200	1300	327.24
FI	3	1300	1400	351.54
FI	3	1400	1500	377.61
FI	3	1500	1600	401.67
FI	3	1600	1700	428.56
FI	3	1700	1800	456.93
FI	3	1800	1900	485.71
FI	3	1900	2000	506.03
FI	3	2000	2100	529.59
FI	3	2100	2200	553.25
FI	3	2200	2300	576.91
FI	3	2300	2400	597.2
FI	3	2400	2500	620.93
FI	4	0	30	65.09
FI	4	30	50	66.42
FI	4	50	75	72.66
FI	4	75	100	75.61
FI	4	100	150	92.68
FI	4	150	200	99.69
FI	4	200	250	115.28
FI	4	250	300	124.04
FI	4	300	350	138.73
FI	4	350	400	145.97
FI	4	400	450	161.48
FI	4	450	500	170.6
FI	4	500	600	191.04
FI	4	600	700	214.88
FI	4	700	800	233.68
FI	4	800	900	254.81
FI	4	900	1000	275.86
FI	4	1000	1100	296.65
FI	4	1100	1200	314.76
FI	4	1200	1300	335.22
FI	4	1300	1400	360.37
FI	4	1400	1500	387.3
FI	4	1500	1600	412.29
FI	4	1600	1700	440.14
FI	4	1700	1800	469.53
FI	4	1800	1900	499.34
FI	4	1900	2000	520.26
FI	4	2000	2100	544.45
FI	4	2100	2200	568.71
FI	4	2200	2300	592.98
FI	4	2300	2400	613.87
FI	4	2400	2500	638.22
FI	5	0	30	71
FI	5	30	50	72.48
FI	5	50	75	78.72
FI	5	75	100	81.68
FI	5	100	150	100.05
FI	5	150	200	107.06
FI	5	200	250	123.63
FI	5	250	300	132.36
FI	5	300	350	147.93
FI	5	350	400	155.17
FI	5	400	450	171.79
FI	5	450	500	180.94
FI	5	500	600	202.43
FI	5	600	700	227.35
FI	5	700	800	247.15
FI	5	800	900	269.28
FI	5	900	1000	291.26
FI	5	1000	1100	312.99
FI	5	1100	1200	332
FI	5	1200	1300	353.35
FI	5	1300	1400	380.38
FI	5	1400	1500	409.35
FI	5	1500	1600	436.41
FI	5	1600	1700	466.43
FI	5	1700	1800	498.11
FI	5	1800	1900	530.28
FI	5	1900	2000	552.6
FI	5	2000	2100	578.16
FI	5	2100	2200	603.8
FI	5	2200	2300	629.45
FI	5	2300	2400	651.74
FI	5	2400	2500	677.46
FI	6	0	30	73.54
FI	6	30	50	74.71
FI	6	50	75	80.93
FI	6	75	100	83.88
FI	6	100	150	102.74
FI	6	150	200	109.75
FI	6	200	250	126.67
FI	6	250	300	135.42
FI	6	300	350	151.28
FI	6	350	400	158.53
FI	6	400	450	175.55
FI	6	450	500	184.68
FI	6	500	600	206.59
FI	6	600	700	231.9
FI	6	700	800	252.06
FI	6	800	900	274.55
FI	6	900	1000	296.89
FI	6	1000	1100	318.97
FI	6	1100	1200	338.31
FI	6	1200	1300	359.97
FI	6	1300	1400	387.7
FI	6	1400	1500	417.4
FI	6	1500	1600	445.22
FI	6	1600	1700	476.03
FI	6	1700	1800	508.54
FI	6	1800	1900	541.58
FI	6	1900	2000	564.41
FI	6	2000	2100	590.47
FI	6	2100	2200	616.62
FI	6	2200	2300	642.78
FI	6	2300	2400	665.55
FI	6	2400	2500	691.78
FI	7	0	30	200.75
FI	7	30	50	201.86
FI	7	50	75	208.09
FI	7	75	100	211.05
FI	7	100	150	257.13
FI	7	150	200	264.15
FI	7	200	250	301.38
FI	7	250	300	310.14
FI	7	300	350	343.84
FI	7	350	400	351.09
FI	7	400	450	391.48
FI	7	450	500	400.63
FI	7	500	600	445.25
FI	7	600	700	492.77
FI	7	700	800	534.29
FI	7	800	900	577.35
FI	7	900	1000	619.85
FI	7	1000	1100	661.46
FI	7	1100	1200	699.66
FI	7	1200	1300	739.69
FI	7	1300	1400	807.19
FI	7	1400	1500	879.09
FI	7	1500	1600	950.52
FI	7	1600	1700	1026.87
FI	7	1700	1800	1107.44
FI	7	1800	1900	1189.84
FI	7	1900	2000	1241.73
FI	7	2000	2100	1296.74
FI	7	2100	2200	1351.95
FI	7	2200	2300	1406.91
FI	7	2300	2400	1458.61
FI	7	2400	2500	1513.79
FR	1	0	30	46.37
FR	1	30	50	56.93
FR	1	50	75	67.52
FR	1	75	100	78.08
FR	1	100	150	89.34
FR	1	150	200	100.61
FR	1	200	250	114.22
FR	1	250	300	127.83
FR	1	300	350	139.26
FR	1	350	400	150.7
FR	1	400	450	163.38
FR	1	450	500	176.04
FR	1	500	600	183.93
FR	1	600	700	206.49
FR	1	700	800	226.91
FR	1	800	900	247.76
FR	1	900	1000	264.27
FR	1	1000	1100	279.01
FR	1	1100	1200	283.99
FR	1	1200	1300	291.24
FR	1	1300	1400	297.02
FR	1	1400	1500	304.14
FR	1	1500	1600	357.32
FR	1	1600	1700	364.43
FR	1	1700	1800	371.55
FR	1	1800	1900	378.67
FR	1	1900	2000	383.65
FR	1	2000	2100	429.44
FR	1	2100	2200	436.55
FR	1	2200	2300	443.66
FR	1	2300	2400	448.64
FR	1	2400	2500	455.77
FR	2	0	30	54.1
FR	2	30	50	55.84
FR	2	50	75	57.57
FR	2	75	100	59.31
FR	2	100	150	69.02
FR	2	150	200	78.73
FR	2	200	250	89.3
FR	2	250	300	99.88
FR	2	300	350	107.49
FR	2	350	400	115.12
FR	2	400	450	125.19
FR	2	450	500	135.27
FR	2	500	600	152.68
FR	2	600	700	173.57
FR	2	700	800	190.72
FR	2	800	900	208.98
FR	2	900	1000	229.18
FR	2	1000	1100	247.2
FR	2	1100	1200	262.2
FR	2	1200	1300	279.41
FR	2	1300	1400	299
FR	2	1400	1500	320.17
FR	2	1500	1600	337.64
FR	2	1600	1700	358
FR	2	1700	1800	382.37
FR	2	1800	1900	409.69
FR	2	1900	2000	429.36
FR	2	2000	2100	450.1
FR	2	2100	2200	470.89
FR	2	2200	2300	492.83
FR	2	2300	2400	511.97
FR	2	2400	2500	535.05
FR	3	0	30	55.06
FR	3	30	50	58.33
FR	3	50	75	61.59
FR	3	75	100	64.86
FR	3	100	150	75.33
FR	3	150	200	85.81
FR	3	200	250	97.16
FR	3	250	300	108.52
FR	3	300	350	117.08
FR	3	350	400	125.64
FR	3	400	450	136.63
FR	3	450	500	147.63
FR	3	500	600	165.74
FR	3	600	700	187.68
FR	3	700	800	205.76
FR	3	800	900	225.05
FR	3	900	1000	246.17
FR	3	1000	1100	265.26
FR	3	1100	1200	281.33
FR	3	1200	1300	299.61
FR	3	1300	1400	320.06
FR	3	1400	1500	342.1
FR	3	1500	1600	360.48
FR	3	1600	1700	381.74
FR	3	1700	1800	406.74
FR	3	1800	1900	434.63
FR	3	1900	2000	455.06
FR	3	2000	2100	476.7
FR	3	2100	2200	498.39
FR	3	2200	2300	521.22
FR	3	2300	2400	541.15
FR	3	2400	2500	565.05
FR	4	0	30	60.86
FR	4	30	50	63.88
FR	4	50	75	66.91
FR	4	75	100	69.93
FR	4	100	150	80.9
FR	4	150	200	91.88
FR	4	200	250	103.66
FR	4	250	300	115.44
FR	4	300	350	124.06
FR	4	350	400	132.68
FR	4	400	450	144.1
FR	4	450	500	155.52
FR	4	500	600	174.47
FR	4	600	700	197.22
FR	4	700	800	216.44
FR	4	800	900	236.5
FR	4	900	1000	258.8
FR	4	1000	1100	278.66
FR	4	1100	1200	295.45
FR	4	1200	1300	314.35
FR	4	1300	1400	336.15
FR	4	1400	1500	359.56
FR	4	1500	1600	379.13
FR	4	1600	1700	401.64
FR	4	1700	1800	428.4
FR	4	1800	1900	458.64
FR	4	1900	2000	480.68
FR	4	2000	2100	503.41
FR	4	2100	2200	526.22
FR	4	2200	2300	550.35
FR	4	2300	2400	571.79
FR	4	2400	2500	597.2
FR	5	0	30	65.69
FR	5	30	50	69.87
FR	5	50	75	74.05
FR	5	75	100	78.23
FR	5	100	150	88.85
FR	5	150	200	99.47
FR	5	200	250	110.83
FR	5	250	300	122.18
FR	5	300	350	130.02
FR	5	350	400	137.88
FR	5	400	450	149.06
FR	5	450	500	160.24
FR	5	500	600	177.74
FR	5	600	700	199.46
FR	5	700	800	217.98
FR	5	800	900	237
FR	5	900	1000	258.64
FR	5	1000	1100	277.41
FR	5	1100	1200	293.11
FR	5	1200	1300	310.75
FR	5	1300	1400	332.04
FR	5	1400	1500	355.03
FR	5	1500	1600	373.98
FR	5	1600	1700	395.89
FR	5	1700	1800	422.57
FR	5	1800	1900	453.38
FR	5	1900	2000	475.19
FR	5	2000	2100	497.18
FR	5	2100	2200	519.23
FR	5	2200	2300	542.82
FR	5	2300	2400	563.93
FR	5	2400	2500	589.04
FR	6	0	30	77.28
FR	6	30	50	81.7
FR	6	50	75	86.14
FR	6	75	100	90.56
FR	6	100	150	102.4
FR	6	150	200	114.23
FR	6	200	250	126.61
FR	6	250	300	138.99
FR	6	300	350	146.99
FR	6	350	400	154.99
FR	6	400	450	167.21
FR	6	450	500	179.43
FR	6	500	600	198.98
FR	6	600	700	222.64
FR	6	700	800	243.94
FR	6	800	900	264.86
FR	6	900	1000	289.34
FR	6	1000	1100	309.98
FR	6	1100	1200	327.48
FR	6	1200	1300	346.57
FR	6	1300	1400	371.11
FR	6	1400	1500	397.49
FR	6	1500	1600	419.33
FR	6	1600	1700	444.27
FR	6	1700	1800	475.25
FR	6	1800	1900	511.79
FR	6	1900	2000	537.5
FR	6	2000	2100	562.14
FR	6	2100	2200	586.85
FR	6	2200	2300	613.62
FR	6	2300	2400	638.41
FR	6	2400	2500	667.18
FR	7	0	30	88.87
FR	7	30	50	92.07
FR	7	50	75	95.26
FR	7	75	100	98.46
FR	7	100	150	112.22
FR	7	150	200	125.99
FR	7	200	250	140.14
FR	7	250	300	154.3
FR	7	300	350	163.26
FR	7	350	400	172.24
FR	7	400	450	186.08
FR	7	450	500	199.9
FR	7	500	600	223.52
FR	7	600	700	250.8
FR	7	700	800	276.42
FR	7	800	900	300.93
FR	7	900	1000	329.79
FR	7	1000	1100	353.94
FR	7	1100	1200	374.89
FR	7	1200	1300	397.16
FR	7	1300	1400	426.46
FR	7	1400	1500	457.7
FR	7	1500	1600	483.99
FR	7	1600	1700	513.46
FR	7	1700	1800	550.19
FR	7	1800	1900	593.67
FR	7	1900	2000	624.71
FR	7	2000	2100	653.59
FR	7	2100	2200	682.55
FR	7	2200	2300	714.01
FR	7	2300	2400	743.93
FR	7	2400	2500	777.82
FR	8	0	30	125.58
FR	8	30	50	129.77
FR	8	50	75	133.96
FR	8	75	100	138.15
FR	8	100	150	156.03
FR	8	150	200	173.91
FR	8	200	250	191.69
FR	8	250	300	209.46
FR	8	300	350	219.79
FR	8	350	400	230.13
FR	8	400	450	247.77
FR	8	450	500	265.41
FR	8	500	600	295.32
FR	8	600	700	329.09
FR	8	700	800	363.29
FR	8	800	900	394.12
FR	8	900	1000	431.78
FR	8	1000	1100	462.15
FR	8	1100	1200	489.13
FR	8	1200	1300	516.54
FR	8	1300	1400	555.66
FR	8	1400	1500	597.11
FR	8	1500	1600	632.38
FR	8	1600	1700	671.11
FR	8	1700	1800	720.37
FR	8	1800	1900	780.27
FR	8	1900	2000	822.86
FR	8	2000	2100	860
FR	8	2100	2200	897.25
FR	8	2200	2300	938.36
FR	8	2300	2400	979.21
FR	8	2400	2500	1024.11
FR	9	0	30	409.58
FR	9	30	50	414.06
FR	9	50	75	418.52
FR	9	75	100	422.99
FR	9	100	150	468.81
FR	9	150	200	514.63
FR	9	200	250	556.03
FR	9	250	300	597.44
FR	9	300	350	611.31
FR	9	350	400	625.18
FR	9	400	450	666.94
FR	9	450	500	708.69
FR	9	500	600	785.1
FR	9	600	700	864.26
FR	9	700	800	962.35
FR	9	800	900	1037.41
FR	9	900	1000	1140.55
FR	9	1000	1100	1213.85
FR	9	1100	1200	1282.34
FR	9	1200	1300	1343.46
FR	9	1300	1400	1457.43
FR	9	1400	1500	1576.94
FR	9	1500	1600	1679.4
FR	9	1600	1700	1787.71
FR	9	1700	1800	1936.41
FR	9	1800	1900	2128.43
FR	9	1900	2000	2261.05
FR	9	2000	2100	2359.58
FR	9	2100	2200	2458.21
FR	9	2200	2300	2572.63
FR	9	2300	2400	2698.06
FR	9	2400	2500	2827.72
GR	1	0	30	71.13
GR	1	30	50	78.19
GR	1	50	75	85.98
GR	1	75	100	93.3
GR	1	100	150	115.16
GR	1	150	200	128.67
GR	1	200	250	147.11
GR	1	250	300	163.38
GR	1	300	350	181.77
GR	1	350	400	196.18
GR	1	400	450	215.96
GR	1	450	500	232.46
GR	1	500	600	263.81
GR	1	600	700	299.24
GR	1	700	800	329.09
GR	1	800	900	362.7
GR	1	900	1000	395.66
GR	1	1000	1100	428.21
GR	1	1100	1200	457.53
GR	1	1200	1300	489.93
GR	1	1300	1400	523.88
GR	1	1400	1500	559.68
GR	1	1500	1600	592.31
GR	1	1600	1700	628.14
GR	1	1700	1800	665.2
GR	1	1800	1900	702.59
GR	1	1900	2000	733.19
GR	1	2000	2100	768.18
GR	1	2100	2200	803.22
GR	1	2200	2300	838.14
GR	1	2300	2400	868.94
GR	1	2400	2500	903.77
GR	2	0	30	73.42
GR	2	30	50	80.9
GR	2	50	75	89.18
GR	2	75	100	96.86
GR	2	100	150	119.71
GR	2	150	200	133.93
GR	2	200	250	153.33
GR	2	250	300	170.44
GR	2	300	350	189.76
GR	2	350	400	204.92
GR	2	400	450	224.96
GR	2	450	500	242.3
GR	2	500	600	275.24
GR	2	600	700	312.04
GR	2	700	800	343.07
GR	2	800	900	378.29
GR	2	900	1000	412.66
GR	2	1000	1100	446.51
GR	2	1100	1200	476.94
GR	2	1200	1300	510.67
GR	2	1300	1400	545.78
GR	2	1400	1500	582.8
GR	2	1500	1600	616.33
GR	2	1600	1700	653.17
GR	2	1700	1800	691.27
GR	2	1800	1900	729.72
GR	2	1900	2000	761.36
GR	2	2000	2100	797.73
GR	2	2100	2200	834.15
GR	2	2200	2300	870.43
GR	2	2300	2400	902.3
GR	2	2400	2500	938.4
GR	3	0	30	76.29
GR	3	30	50	83.51
GR	3	50	75	91.43
GR	3	75	100	98.83
GR	3	100	150	121.34
GR	3	150	200	135
GR	3	200	250	154.79
GR	3	250	300	171.22
GR	3	300	350	192.07
GR	3	350	400	206.63
GR	3	400	450	228.8
GR	3	450	500	245.44
GR	3	500	600	278.11
GR	3	600	700	315.89
GR	3	700	800	347.73
GR	3	800	900	382.92
GR	3	900	1000	417.68
GR	3	1000	1100	452.1
GR	3	1100	1200	483.21
GR	3	1200	1300	517.37
GR	3	1300	1400	554.34
GR	3	1400	1500	593.37
GR	3	1500	1600	629.8
GR	3	1600	1700	669.63
GR	3	1700	1800	710.73
GR	3	1800	1900	752.1
GR	3	1900	2000	785.31
GR	3	2000	2100	822.79
GR	3	2100	2200	860.32
GR	3	2200	2300	897.74
GR	3	2300	2400	930.96
GR	3	2400	2500	968.28
GR	4	0	30	78
GR	4	30	50	85.43
GR	4	50	75	93.54
GR	4	75	100	101.17
GR	4	100	150	124.26
GR	4	150	200	138.33
GR	4	200	250	156.94
GR	4	250	300	173.88
GR	4	300	350	194.07
GR	4	350	400	209.09
GR	4	400	450	231.15
GR	4	450	500	248.33
GR	4	500	600	281.11
GR	4	600	700	319.37
GR	4	700	800	351.53
GR	4	800	900	386.81
GR	4	900	1000	422.04
GR	4	1000	1100	457.08
GR	4	1100	1200	488.71
GR	4	1200	1300	523.49
GR	4	1300	1400	560.58
GR	4	1400	1500	599.71
GR	4	1500	1600	636.06
GR	4	1600	1700	675.86
GR	4	1700	1800	717
GR	4	1800	1900	758.47
GR	4	1900	2000	792.07
GR	4	2000	2100	829.69
GR	4	2100	2200	867.35
GR	4	2200	2300	905.08
GR	4	2300	2400	938.68
GR	4	2400	2500	976.47
GR	5	0	30	80.3
GR	5	30	50	87.31
GR	5	50	75	94.9
GR	5	75	100	102.45
GR	5	100	150	125.6
GR	5	150	200	139.53
GR	5	200	250	161.13
GR	5	250	300	177.9
GR	5	300	350	200.53
GR	5	350	400	215.39
GR	5	400	450	239.7
GR	5	450	500	256.7
GR	5	500	600	290.87
GR	5	600	700	330.42
GR	5	700	800	363.86
GR	5	800	900	400.33
GR	5	900	1000	436.72
GR	5	1000	1100	472.89
GR	5	1100	1200	505.63
GR	5	1200	1300	541.44
GR	5	1300	1400	580.86
GR	5	1400	1500	622.47
GR	5	1500	1600	661.44
GR	5	1600	1700	703.96
GR	5	1700	1800	747.98
GR	5	1800	1900	792.41
GR	5	1900	2000	827.77
GR	5	2000	2100	867.11
GR	5	2100	2200	906.5
GR	5	2200	2300	945.93
GR	5	2300	2400	981.28
GR	5	2400	2500	1020.79
HR	1	0	30	42.26
HR	1	30	50	44.19
HR	1	50	75	48.75
HR	1	75	100	52.84
HR	1	100	150	66.09
HR	1	150	200	73.42
HR	1	200	250	83.77
HR	1	250	300	93.72
HR	1	300	350	103.99
HR	1	350	400	111.75
HR	1	400	450	124.11
HR	1	450	500	132.44
HR	1	500	600	149.64
HR	1	600	700	168.71
HR	1	700	800	184.47
HR	1	800	900	202.37
HR	1	900	1000	220.33
HR	1	1000	1100	238.12
HR	1	1100	1200	253.66
HR	1	1200	1300	271.39
HR	1	1300	1400	289.68
HR	1	1400	1500	309.3
HR	1	1500	1600	326.89
HR	1	1600	1700	346.7
HR	1	1700	1800	367.26
HR	1	1800	1900	387.9
HR	1	1900	2000	404.28
HR	1	2000	2100	423.44
HR	1	2100	2200	442.43
HR	1	2200	2300	461.59
HR	1	2300	2400	477.96
HR	1	2400	2500	497.18
HR	2	0	30	46.92
HR	2	30	50	51.51
HR	2	50	75	56.09
HR	2	75	100	60.17
HR	2	100	150	74.99
HR	2	150	200	82.32
HR	2	200	250	93.85
HR	2	250	300	103.81
HR	2	300	350	115.1
HR	2	350	400	122.86
HR	2	400	450	136.57
HR	2	450	500	144.89
HR	2	500	600	163.4
HR	2	600	700	183.76
HR	2	700	800	200.75
HR	2	800	900	219.83
HR	2	900	1000	238.97
HR	2	1000	1100	257.87
HR	2	1100	1200	274.49
HR	2	1200	1300	293.29
HR	2	1300	1400	313.87
HR	2	1400	1500	335.93
HR	2	1500	1600	356.03
HR	2	1600	1700	378.46
HR	2	1700	1800	401.79
HR	2	1800	1900	425.29
HR	2	1900	2000	443.33
HR	2	2000	2100	464.17
HR	2	2100	2200	484.84
HR	2	2200	2300	505.68
HR	2	2300	2400	523.71
HR	2	2400	2500	544.58
HR	3	0	30	54.61
HR	3	30	50	59.12
HR	3	50	75	63.62
HR	3	75	100	67.7
HR	3	100	150	84.14
HR	3	150	200	91.47
HR	3	200	250	104.21
HR	3	250	300	114.17
HR	3	300	350	126.51
HR	3	350	400	134.28
HR	3	400	450	149.37
HR	3	450	500	157.68
HR	3	500	600	177.53
HR	3	600	700	199.21
HR	3	700	800	217.48
HR	3	800	900	237.76
HR	3	900	1000	258.09
HR	3	1000	1100	278.16
HR	3	1100	1200	295.9
HR	3	1200	1300	315.78
HR	3	1300	1400	338.73
HR	3	1400	1500	363.29
HR	3	1500	1600	385.97
HR	3	1600	1700	411.1
HR	3	1700	1800	437.27
HR	3	1800	1900	463.7
HR	3	1900	2000	483.45
HR	3	2000	2100	506.02
HR	3	2100	2200	528.4
HR	3	2200	2300	550.95
HR	3	2300	2400	570.69
HR	3	2400	2500	593.29
HR	4	0	30	60.28
HR	4	30	50	64.74
HR	4	50	75	69.23
HR	4	75	100	73.31
HR	4	100	150	90.94
HR	4	150	200	98.27
HR	4	200	250	111.9
HR	4	250	300	121.87
HR	4	300	350	135
HR	4	350	400	142.76
HR	4	400	450	158.88
HR	4	450	500	167.19
HR	4	500	600	188.04
HR	4	600	700	210.69
HR	4	700	800	229.9
HR	4	800	900	251.08
HR	4	900	1000	272.32
HR	4	1000	1100	293.24
HR	4	1100	1200	311.81
HR	4	1200	1300	332.49
HR	4	1300	1400	357.2
HR	4	1400	1500	383.64
HR	4	1500	1600	408.23
HR	4	1600	1700	435.34
HR	4	1700	1800	463.66
HR	4	1800	1900	492.25
HR	4	1900	2000	513.27
HR	4	2000	2100	537.13
HR	4	2100	2200	560.77
HR	4	2200	2300	584.6
HR	4	2300	2400	605.61
HR	4	2400	2500	629.51
HR	5	0	30	68.76
HR	5	30	50	73.14
HR	5	50	75	77.53
HR	5	75	100	81.62
HR	5	100	150	101.04
HR	5	150	200	108.37
HR	5	200	250	123.33
HR	5	250	300	133.31
HR	5	300	350	147.59
HR	5	350	400	155.37
HR	5	400	450	173
HR	5	450	500	181.3
HR	5	500	600	203.65
HR	5	600	700	227.73
HR	5	700	800	248.35
HR	5	800	900	270.87
HR	5	900	1000	293.43
HR	5	1000	1100	315.63
HR	5	1100	1200	335.44
HR	5	1200	1300	357.32
HR	5	1300	1400	384.62
HR	5	1400	1500	413.82
HR	5	1500	1600	441.27
HR	5	1600	1700	471.36
HR	5	1700	1800	502.8
HR	5	1800	1900	534.63
HR	5	1900	2000	557.53
HR	5	2000	2100	583.3
HR	5	2100	2200	608.85
HR	5	2200	2300	634.56
HR	5	2300	2400	657.46
HR	5	2400	2500	683.24
HU	1	0	30	43.56
HU	1	30	50	49.72
HU	1	50	75	56.74
HU	1	75	100	64.74
HU	1	100	150	77.22
HU	1	150	200	83.34
HU	1	200	250	94.56
HU	1	250	300	103.23
HU	1	300	350	114.29
HU	1	350	400	121.34
HU	1	400	450	133.2
HU	1	450	500	141.95
HU	1	500	600	156.26
HU	1	600	700	175.39
HU	1	700	800	189.51
HU	1	800	900	206.37
HU	1	900	1000	223.25
HU	1	1000	1100	240.06
HU	1	1100	1200	254.06
HU	1	1200	1300	270.74
HU	1	1300	1400	287.9
HU	1	1400	1500	306.68
HU	1	1500	1600	323.01
HU	1	1600	1700	341.95
HU	1	1700	1800	361.77
HU	1	1800	1900	381.78
HU	1	1900	2000	396.62
HU	1	2000	2100	414.78
HU	1	2100	2200	433
HU	1	2200	2300	451.27
HU	1	2300	2400	466.19
HU	1	2400	2500	484.53
HU	2	0	30	48.03
HU	2	30	50	54.04
HU	2	50	75	60.81
HU	2	75	100	68.43
HU	2	100	150	81.77
HU	2	150	200	87.89
HU	2	200	250	99.77
HU	2	250	300	108.44
HU	2	300	350	120.13
HU	2	350	400	127.18
HU	2	400	450	139.85
HU	2	450	500	148.6
HU	2	500	600	163.71
HU	2	600	700	183.63
HU	2	700	800	198.53
HU	2	800	900	216.16
HU	2	900	1000	233.84
HU	2	1000	1100	251.39
HU	2	1100	1200	266.11
HU	2	1200	1300	283.55
HU	2	1300	1400	302.19
HU	2	1400	1500	322.56
HU	2	1500	1600	340.55
HU	2	1600	1700	361.1
HU	2	1700	1800	382.57
HU	2	1800	1900	404.28
HU	2	1900	2000	420.14
HU	2	2000	2100	439.31
HU	2	2100	2200	458.6
HU	2	2200	2300	477.92
HU	2	2300	2400	493.92
HU	2	2400	2500	513.32
HU	3	0	30	49.51
HU	3	30	50	55.93
HU	3	50	75	63.19
HU	3	75	100	71.4
HU	3	100	150	85.42
HU	3	150	200	91.54
HU	3	200	250	103.95
HU	3	250	300	112.62
HU	3	300	350	124.8
HU	3	350	400	131.85
HU	3	400	450	145.14
HU	3	450	500	153.89
HU	3	500	600	169.61
HU	3	600	700	190.14
HU	3	700	800	205.66
HU	3	800	900	223.89
HU	3	900	1000	242.13
HU	3	1000	1100	260.26
HU	3	1100	1200	275.54
HU	3	1200	1300	293.5
HU	3	1300	1400	313.24
HU	3	1400	1500	334.75
HU	3	1500	1600	353.97
HU	3	1600	1700	375.71
HU	3	1700	1800	398.48
HU	3	1800	1900	421.5
HU	3	1900	2000	438.11
HU	3	2000	2100	458.06
HU	3	2100	2200	478.11
HU	3	2200	2300	498.19
HU	3	2300	2400	514.96
HU	3	2400	2500	535.13
HU	4	0	30	52.97
HU	4	30	50	59.41
HU	4	50	75	66.64
HU	4	75	100	74.73
HU	4	100	150	89.53
HU	4	150	200	95.66
HU	4	200	250	108.68
HU	4	250	300	117.35
HU	4	300	350	130.07
HU	4	350	400	137.12
HU	4	400	450	151.12
HU	4	450	500	159.86
HU	4	500	600	176.27
HU	4	600	700	197.53
HU	4	700	800	213.74
HU	4	800	900	232.65
HU	4	900	1000	251.55
HU	4	1000	1100	270.32
HU	4	1100	1200	286.24
HU	4	1200	1300	304.77
HU	4	1300	1400	325.75
HU	4	1400	1500	348.59
HU	4	1500	1600	369.18
HU	4	1600	1700	392.29
HU	4	1700	1800	416.5
HU	4	1800	1900	441.03
HU	4	1900	2000	458.52
HU	4	2000	2100	479.33
HU	4	2100	2200	500.24
HU	4	2200	2300	521.18
HU	4	2300	2400	538.81
HU	4	2400	2500	559.83
HU	5	0	30	53.96
HU	5	30	50	60.38
HU	5	50	75	67.55
HU	5	75	100	75.57
HU	5	100	150	90.55
HU	5	150	200	96.67
HU	5	200	250	109.82
HU	5	250	300	118.49
HU	5	300	350	131.37
HU	5	350	400	138.41
HU	5	400	450	152.57
HU	5	450	500	161.31
HU	5	500	600	177.88
HU	5	600	700	199.27
HU	5	700	800	215.64
HU	5	800	900	234.68
HU	5	900	1000	253.73
HU	5	1000	1100	272.65
HU	5	1100	1200	288.72
HU	5	1200	1300	307.41
HU	5	1300	1400	328.66
HU	5	1400	1500	351.8
HU	5	1500	1600	372.71
HU	5	1600	1700	396.15
HU	5	1700	1800	420.69
HU	5	1800	1900	445.57
HU	5	1900	2000	463.26
HU	5	2000	2100	484.27
HU	5	2100	2200	505.39
HU	5	2200	2300	526.5
HU	5	2300	2400	544.34
HU	5	2400	2500	565.57
HU	6	0	30	63.37
HU	6	30	50	69.88
HU	6	50	75	77.05
HU	6	75	100	84.96
HU	6	100	150	102.1
HU	6	150	200	108.22
HU	6	200	250	123.03
HU	6	250	300	131.7
HU	6	300	350	146.1
HU	6	350	400	153.14
HU	6	400	450	169.24
HU	6	450	500	177.99
HU	6	500	600	196.48
HU	6	600	700	219.78
HU	6	700	800	238.02
HU	6	800	900	258.91
HU	6	900	1000	279.81
HU	6	1000	1100	300.55
HU	6	1100	1200	318.37
HU	6	1200	1300	338.8
HU	6	1300	1400	363.51
HU	6	1400	1500	390.34
HU	6	1500	1600	415.05
HU	6	1600	1700	442.32
HU	6	1700	1800	470.89
HU	6	1800	1900	499.91
HU	6	1900	2000	520.02
HU	6	2000	2100	543.47
HU	6	2100	2200	567.01
HU	6	2200	2300	590.54
HU	6	2300	2400	610.79
HU	6	2400	2500	634.42
IE	1	0	30	63.03
IE	1	30	50	67.83
IE	1	50	75	75.81
IE	1	75	100	81.25
IE	1	100	150	100.81
IE	1	150	200	112.86
IE	1	200	250	131.95
IE	1	250	300	146.62
IE	1	300	350	165.15
IE	1	350	400	177.78
IE	1	400	450	196.29
IE	1	450	500	211.58
IE	1	500	600	239.07
IE	1	600	700	271.78
IE	1	700	800	297.87
IE	1	800	900	327.23
IE	1	900	1000	356.54
IE	1	1000	1100	385.75
IE	1	1100	1200	411.5
IE	1	1200	1300	440.48
IE	1	1300	1400	470.72
IE	1	1400	1500	502.73
IE	1	1500	1600	531.87
IE	1	1600	1700	564.32
IE	1	1700	1800	598.35
IE	1	1800	1900	632.63
IE	1	1900	2000	659.72
IE	1	2000	2100	691.3
IE	1	2100	2200	722.99
IE	1	2200	2300	754.71
IE	1	2300	2400	781.83
IE	1	2400	2500	813.63
IE	2	0	30	66.3
IE	2	30	50	70.57
IE	2	50	75	78.49
IE	2	75	100	83.93
IE	2	100	150	104.48
IE	2	150	200	116.53
IE	2	200	250	136.4
IE	2	250	300	151.07
IE	2	300	350	170.31
IE	2	350	400	182.94
IE	2	400	450	202.27
IE	2	450	500	217.56
IE	2	500	600	245.88
IE	2	600	700	279.41
IE	2	700	800	306.25
IE	2	800	900	336.35
IE	2	900	1000	366.38
IE	2	1000	1100	396.29
IE	2	1100	1200	421.91
IE	2	1200	1300	452.36
IE	2	1300	1400	483.96
IE	2	1400	1500	517.42
IE	2	1500	1600	548
IE	2	1600	1700	582
IE	2	1700	1800	617.65
IE	2	1800	1900	653.6
IE	2	1900	2000	681.72
IE	2	2000	2100	714.29
IE	2	2100	2200	746.99
IE	2	2200	2300	779.77
IE	2	2300	2400	807.88
IE	2	2400	2500	840.71
IE	3	0	30	69.01
IE	3	30	50	72.91
IE	3	50	75	80.79
IE	3	75	100	86.22
IE	3	100	150	107.74
IE	3	150	200	119.79
IE	3	200	250	140.5
IE	3	250	300	155.18
IE	3	300	350	175.12
IE	3	350	400	187.74
IE	3	400	450	207.92
IE	3	450	500	223.21
IE	3	500	600	252.35
IE	3	600	700	286.67
IE	3	700	800	314.32
IE	3	800	900	345.14
IE	3	900	1000	375.92
IE	3	1000	1100	406.53
IE	3	1100	1200	432.68
IE	3	1200	1300	463.97
IE	3	1300	1400	496.87
IE	3	1400	1500	531.72
IE	3	1500	1600	563.77
IE	3	1600	1700	599.33
IE	3	1700	1800	636.57
IE	3	1800	1900	674.17
IE	3	1900	2000	703.33
IE	3	2000	2100	736.94
IE	3	2100	2200	770.66
IE	3	2200	2300	804.43
IE	3	2300	2400	833.57
IE	3	2400	2500	867.42
IE	4	0	30	71.18
IE	4	30	50	75.58
IE	4	50	75	83.37
IE	4	75	100	88.81
IE	4	100	150	111.56
IE	4	150	200	123.63
IE	4	200	250	145.33
IE	4	250	300	160.01
IE	4	300	350	180.86
IE	4	350	400	193.5
IE	4	400	450	214.7
IE	4	450	500	230
IE	4	500	600	260.18
IE	4	600	700	295.49
IE	4	700	800	324.1
IE	4	800	900	355.86
IE	4	900	1000	387.54
IE	4	1000	1100	419.03
IE	4	1100	1200	445.84
IE	4	1200	1300	478.17
IE	4	1300	1400	512.7
IE	4	1400	1500	549.31
IE	4	1500	1600	583.15
IE	4	1600	1700	620.59
IE	4	1700	1800	659.84
IE	4	1800	1900	699.51
IE	4	1900	2000	729.92
IE	4	2000	2100	764.78
IE	4	2100	2200	799.76
IE	4	2200	2300	834.78
IE	4	2300	2400	865.22
IE	4	2400	2500	900.32
IE	5	0	30	72.82
IE	5	30	50	77.2
IE	5	50	75	84.95
IE	5	75	100	90.39
IE	5	100	150	113.94
IE	5	150	200	125.99
IE	5	200	250	148.34
IE	5	250	300	163.01
IE	5	300	350	184.49
IE	5	350	400	197.12
IE	5	400	450	218.99
IE	5	450	500	234.28
IE	5	500	600	265.14
IE	5	600	700	301.07
IE	5	700	800	330.32
IE	5	800	900	362.67
IE	5	900	1000	394.95
IE	5	1000	1100	427.02
IE	5	1100	1200	454.23
IE	5	1200	1300	487.23
IE	5	1300	1400	522.82
IE	5	1400	1500	560.53
IE	5	1500	1600	595.52
IE	5	1600	1700	634.18
IE	5	1700	1800	674.7
IE	5	1800	1900	715.69
IE	5	1900	2000	746.91
IE	5	2000	2100	782.61
IE	5	2100	2200	818.39
IE	5	2200	2300	854.24
IE	5	2300	2400	885.47
IE	5	2400	2500	921.4
IE	6	0	30	74.45
IE	6	30	50	78.96
IE	6	50	75	86.68
IE	6	75	100	92.12
IE	6	100	150	116.61
IE	6	150	200	128.66
IE	6	200	250	151.85
IE	6	250	300	166.53
IE	6	300	350	188.66
IE	6	350	400	201.31
IE	6	400	450	224.03
IE	6	450	500	239.32
IE	6	500	600	270.94
IE	6	600	700	307.68
IE	6	700	800	337.65
IE	6	800	900	370.73
IE	6	900	1000	403.7
IE	6	1000	1100	436.49
IE	6	1100	1200	464.22
IE	6	1200	1300	498
IE	6	1300	1400	534.84
IE	6	1400	1500	573.91
IE	6	1500	1600	610.29
IE	6	1600	1700	650.38
IE	6	1700	1800	692.45
IE	6	1800	1900	735.02
IE	6	1900	2000	767.22
IE	6	2000	2100	803.88
IE	6	2100	2200	840.63
IE	6	2200	2300	877.46
IE	6	2300	2400	909.66
IE	6	2400	2500	946.59
IT	1	0	30	43.79
IT	1	30	50	46.95
IT	1	50	75	54.44
IT	1	75	100	59.18
IT	1	100	150	72.74
IT	1	150	200	77.99
IT	1	200	250	87.55
IT	1	250	300	96.5
IT	1	300	350	105.85
IT	1	350	400	111.65
IT	1	400	450	123.92
IT	1	450	500	130.58
IT	1	500	600	145.41
IT	1	600	700	162.52
IT	1	700	800	175.06
IT	1	800	900	190.61
IT	1	900	1000	206.09
IT	1	1000	1100	221.51
IT	1	1100	1200	233.7
IT	1	1200	1300	248.96
IT	1	1300	1400	265.46
IT	1	1400	1500	283.53
IT	1	1500	1600	298.8
IT	1	1600	1700	317.23
IT	1	1700	1800	336.72
IT	1	1800	1900	356.46
IT	1	1900	2000	369.92
IT	1	2000	2100	387.16
IT	1	2100	2200	404.45
IT	1	2200	2300	421.82
IT	1	2300	2400	435.28
IT	1	2400	2500	452.67
IT	2	0	30	48.25
IT	2	30	50	50.88
IT	2	50	75	58.31
IT	2	75	100	63.04
IT	2	100	150	77.86
IT	2	150	200	83.63
IT	2	200	250	94.29
IT	2	250	300	103.99
IT	2	300	350	114.44
IT	2	350	400	120.72
IT	2	400	450	134.19
IT	2	450	500	141.61
IT	2	500	600	158.11
IT	2	600	700	177.39
IT	2	700	800	191.3
IT	2	800	900	208.74
IT	2	900	1000	226.12
IT	2	1000	1100	243.38
IT	2	1100	1200	256.92
IT	2	1200	1300	274.03
IT	2	1300	1400	292.77
IT	2	1400	1500	313.14
IT	2	1500	1600	330.19
IT	2	1600	1700	350.97
IT	2	1700	1800	372.88
IT	2	1800	1900	395.04
IT	2	1900	2000	410.01
IT	2	2000	2100	429.3
IT	2	2100	2200	448.64
IT	2	2200	2300	468.05
IT	2	2300	2400	483.05
IT	2	2400	2500	502.48
IT	3	0	30	55.4
IT	3	30	50	58.74
IT	3	50	75	66.07
IT	3	75	100	70.78
IT	3	100	150	87.43
IT	3	150	200	93.49
IT	3	200	250	105.61
IT	3	250	300	115.61
IT	3	300	350	127.34
IT	3	350	400	133.92
IT	3	400	450	149
IT	3	450	500	156.7
IT	3	500	600	175.09
IT	3	600	700	196.19
IT	3	700	800	211.93
IT	3	800	900	231.11
IT	3	900	1000	250.2
IT	3	1000	1100	269.17
IT	3	1100	1200	284.35
IT	3	1200	1300	303.07
IT	3	1300	1400	324.65
IT	3	1400	1500	347.99
IT	3	1500	1600	368.1
IT	3	1600	1700	392.03
IT	3	1700	1800	417.23
IT	3	1800	1900	442.75
IT	3	1900	2000	459.96
IT	3	2000	2100	481.47
IT	3	2100	2200	503.02
IT	3	2200	2300	524.63
IT	3	2300	2400	541.85
IT	3	2400	2500	563.52
IT	4	0	30	61.66
IT	4	30	50	65.14
IT	4	50	75	73.5
IT	4	75	100	79.38
IT	4	100	150	98.24
IT	4	150	200	105.39
IT	4	200	250	119.41
IT	4	250	300	131.03
IT	4	300	350	144.67
IT	4	350	400	152.54
IT	4	400	450	169.86
IT	4	450	500	179.2
IT	4	500	600	200.51
IT	4	600	700	225.58
IT	4	700	800	244.23
IT	4	800	900	266.98
IT	4	900	1000	289.66
IT	4	1000	1100	312.19
IT	4	1100	1200	330.26
IT	4	1200	1300	352.52
IT	4	1300	1400	377.98
IT	4	1400	1500	405.25
IT	4	1500	1600	428.61
IT	4	1600	1700	456.54
IT	4	1700	1800	485.75
IT	4	1800	1900	515.33
IT	4	1900	2000	535.55
IT	4	2000	2100	560.77
IT	4	2100	2200	586.05
IT	4	2200	2300	611.39
IT	4	2300	2400	631.66
IT	4	2400	2500	657.03
IT	5	0	30	73.27
IT	5	30	50	76.93
IT	5	50	75	85.11
IT	5	75	100	90.98
IT	5	100	150	112.22
IT	5	150	200	119.33
IT	5	200	250	135.07
IT	5	250	300	146.49
IT	5	300	350	161.58
IT	5	350	400	169.42
IT	5	400	450	188.74
IT	5	450	500	197.85
IT	5	500	600	221.06
IT	5	600	700	247.63
IT	5	700	800	268.23
IT	5	800	900	292.49
IT	5	900	1000	316.66
IT	5	1000	1100	340.6
IT	5	1100	1200	360.38
IT	5	1200	1300	383.96
IT	5	1300	1400	412.74
IT	5	1400	1500	443.6
IT	5	1500	1600	471.01
IT	5	1600	1700	502.81
IT	5	1700	1800	536.14
IT	5	1800	1900	569.97
IT	5	1900	2000	592.86
IT	5	2000	2100	620.4
IT	5	2100	2200	647.98
IT	5	2200	2300	675.64
IT	5	2300	2400	698.57
IT	5	2400	2500	726.25
IT	6	0	30	100.08
IT	6	30	50	103.97
IT	6	50	75	111.75
IT	6	75	100	117.63
IT	6	100	150	143
IT	6	150	200	147.98
IT	6	200	250	166.05
IT	6	250	300	174.66
IT	6	300	350	191.45
IT	6	350	400	197.15
IT	6	400	450	219.53
IT	6	450	500	225.86
IT	6	500	600	249.88
IT	6	600	700	275.78
IT	6	700	800	297.61
IT	6	800	900	321.42
IT	6	900	1000	345.07
IT	6	1000	1100	368.34
IT	6	1100	1200	388.65
IT	6	1200	1300	411.26
IT	6	1300	1400	444.5
IT	6	1400	1500	480.45
IT	6	1500	1600	514.69
IT	6	1600	1700	552.41
IT	6	1700	1800	592.33
IT	6	1800	1900	633.05
IT	6	1900	2000	659
IT	6	2000	2100	688.26
IT	6	2100	2200	717.58
IT	6	2200	2300	746.96
IT	6	2300	2400	772.99
IT	6	2400	2500	802.42
LT	1	0	30	42.26
LT	1	30	50	45.71
LT	1	50	75	50.24
LT	1	75	100	55.24
LT	1	100	150	68.45
LT	1	150	200	76.39
LT	1	200	250	88.6
LT	1	250	300	98.37
LT	1	300	350	110.34
LT	1	350	400	118.64
LT	1	400	450	131
LT	1	450	500	140.65
LT	1	500	600	158.27
LT	1	600	700	179.4
LT	1	700	800	196.02
LT	1	800	900	215.24
LT	1	900	1000	234.39
LT	1	1000	1100	253.48
LT	1	1100	1200	269.86
LT	1	1200	1300	288.83
LT	1	1300	1400	308.12
LT	1	1400	1500	329.01
LT	1	1500	1600	347.54
LT	1	1600	1700	368.72
LT	1	1700	1800	390.53
LT	1	1800	1900	412.49
LT	1	1900	2000	429.78
LT	1	2000	2100	449.99
LT	1	2100	2200	470.21
LT	1	2200	2300	490.49
LT	1	2300	2400	507.77
LT	1	2400	2500	528.06
LT	2	0	30	43.11
LT	2	30	50	47.26
LT	2	50	75	51.83
LT	2	75	100	56.83
LT	2	100	150	70.52
LT	2	150	200	78.62
LT	2	200	250	91.27
LT	2	250	300	101.25
LT	2	300	350	113.61
LT	2	350	400	122.09
LT	2	400	450	134.89
LT	2	450	500	144.73
LT	2	500	600	162.9
LT	2	600	700	184.64
LT	2	700	800	201.79
LT	2	800	900	221.54
LT	2	900	1000	241.25
LT	2	1000	1100	260.88
LT	2	1100	1200	277.78
LT	2	1200	1300	297.28
LT	2	1300	1400	317.25
LT	2	1400	1500	338.88
LT	2	1500	1600	358.11
LT	2	1600	1700	380.07
LT	2	1700	1800	402.68
LT	2	1800	1900	425.45
LT	2	1900	2000	443.31
LT	2	2000	2100	464.16
LT	2	2100	2200	485.03
LT	2	2200	2300	505.95
LT	2	2300	2400	523.81
LT	2	2400	2500	544.74
LT	3	0	30	44.66
LT	3	30	50	48.78
LT	3	50	75	53.3
LT	3	75	100	58.23
LT	3	100	150	72.59
LT	3	150	200	80.68
LT	3	200	250	93.88
LT	3	250	300	103.87
LT	3	300	350	116.72
LT	3	350	400	125.19
LT	3	400	450	138.56
LT	3	450	500	148.41
LT	3	500	600	167.12
LT	3	600	700	189.41
LT	3	700	800	207.07
LT	3	800	900	227.33
LT	3	900	1000	247.53
LT	3	1000	1100	267.65
LT	3	1100	1200	284.98
LT	3	1200	1300	304.94
LT	3	1300	1400	325.79
LT	3	1400	1500	348.35
LT	3	1500	1600	368.58
LT	3	1600	1700	391.56
LT	3	1700	1800	415.23
LT	3	1800	1900	439.12
LT	3	1900	2000	457.66
LT	3	2000	2100	479.2
LT	3	2100	2200	500.76
LT	3	2200	2300	522.34
LT	3	2300	2400	540.88
LT	3	2400	2500	562.49
LT	4	0	30	46.19
LT	4	30	50	50.25
LT	4	50	75	54.68
LT	4	75	100	59.49
LT	4	100	150	74.52
LT	4	150	200	82.61
LT	4	200	250	96.37
LT	4	250	300	106.35
LT	4	300	350	119.71
LT	4	350	400	128.17
LT	4	400	450	142.11
LT	4	450	500	151.96
LT	4	500	600	171.22
LT	4	600	700	194.05
LT	4	700	800	212.23
LT	4	800	900	233
LT	4	900	1000	253.68
LT	4	1000	1100	274.28
LT	4	1100	1200	292.08
LT	4	1200	1300	312.49
LT	4	1300	1400	334.23
LT	4	1400	1500	357.71
LT	4	1500	1600	378.9
LT	4	1600	1700	402.9
LT	4	1700	1800	427.67
LT	4	1800	1900	452.66
LT	4	1900	2000	471.88
LT	4	2000	2100	494.09
LT	4	2100	2200	516.32
LT	4	2200	2300	538.6
LT	4	2300	2400	557.8
LT	4	2400	2500	580.1
LT	5	0	30	48.24
LT	5	30	50	52.08
LT	5	50	75	56.22
LT	5	75	100	60.7
LT	5	100	150	76.38
LT	5	150	200	84.47
LT	5	200	250	98.78
LT	5	250	300	108.77
LT	5	300	350	122.62
LT	5	350	400	131.08
LT	5	400	450	145.6
LT	5	450	500	155.44
LT	5	500	600	175.26
LT	5	600	700	198.64
LT	5	700	800	217.34
LT	5	800	900	238.6
LT	5	900	1000	259.79
LT	5	1000	1100	280.86
LT	5	1100	1200	299.12
LT	5	1200	1300	319.99
LT	5	1300	1400	342.59
LT	5	1400	1500	367.02
LT	5	1500	1600	389.18
LT	5	1600	1700	414.18
LT	5	1700	1800	440
LT	5	1800	1900	466.11
LT	5	1900	2000	486
LT	5	2000	2100	508.91
LT	5	2100	2200	531.81
LT	5	2200	2300	554.76
LT	5	2300	2400	574.67
LT	5	2400	2500	597.64
LU	1	0	30	42.26
LU	1	30	50	42.26
LU	1	50	75	42.26
LU	1	75	100	47.17
LU	1	100	150	55.84
LU	1	150	200	57.67
LU	1	200	250	65.77
LU	1	250	300	69.74
LU	1	300	350	77.95
LU	1	350	400	80.67
LU	1	400	450	89.59
LU	1	450	500	93.63
LU	1	500	600	101.52
LU	1	600	700	113.12
LU	1	700	800	121.15
LU	1	800	900	131.15
LU	1	900	1000	141.14
LU	1	1000	1100	156.86
LU	1	1100	1200	161.09
LU	1	1200	1300	167.33
LU	1	1300	1400	182.06
LU	1	1400	1500	188.23
LU	1	1500	1600	201.97
LU	1	1600	1700	208.17
LU	1	1700	1800	214.32
LU	1	1800	1900	229.88
LU	1	1900	2000	234.11
LU	1	2000	2100	249.73
LU	1	2100	2200	255.97
LU	1	2200	2300	262.02
LU	1	2300	2400	275.66
LU	1	2400	2500	281.82
LV	1	0	30	42.26
LV	1	30	50	44.28
LV	1	50	75	50.12
LV	1	75	100	56.72
LV	1	100	150	64.19
LV	1	150	200	71.97
LV	1	200	250	83.35
LV	1	250	300	92.95
LV	1	300	350	104.11
LV	1	350	400	112.25
LV	1	400	450	123.64
LV	1	450	500	133.15
LV	1	500	600	149.76
LV	1	600	700	169.91
LV	1	700	800	185.57
LV	1	800	900	203.77
LV	1	900	1000	221.96
LV	1	1000	1100	240.1
LV	1	1100	1200	255.61
LV	1	1200	1300	273.65
LV	1	1300	1400	291.5
LV	1	1400	1500	310.83
LV	1	1500	1600	327.84
LV	1	1600	1700	347.35
LV	1	1700	1800	367.47
LV	1	1800	1900	387.68
LV	1	1900	2000	403.8
LV	1	2000	2100	422.81
LV	1	2100	2200	441.87
LV	1	2200	2300	460.95
LV	1	2300	2400	477.07
LV	1	2400	2500	496.23
LV	2	0	30	42.26
LV	2	30	50	45.91
LV	2	50	75	51.91
LV	2	75	100	58.72
LV	2	100	150	66.41
LV	2	150	200	74.27
LV	2	200	250	86.12
LV	2	250	300	95.8
LV	2	300	350	107.4
LV	2	350	400	115.62
LV	2	400	450	127.5
LV	2	450	500	137.1
LV	2	500	600	154.26
LV	2	600	700	174.94
LV	2	700	800	191.12
LV	2	800	900	209.85
LV	2	900	1000	228.53
LV	2	1000	1100	247.18
LV	2	1100	1200	263.15
LV	2	1200	1300	281.66
LV	2	1300	1400	300.29
LV	2	1400	1500	320.44
LV	2	1500	1600	338.27
LV	2	1600	1700	358.66
LV	2	1700	1800	379.69
LV	2	1800	1900	400.86
LV	2	1900	2000	417.59
LV	2	2000	2100	437.26
LV	2	2100	2200	456.97
LV	2	2200	2300	476.7
LV	2	2300	2400	493.44
LV	2	2400	2500	513.21
LV	3	0	30	42.26
LV	3	30	50	47
LV	3	50	75	53.12
LV	3	75	100	60.05
LV	3	100	150	67.88
LV	3	150	200	75.75
LV	3	200	250	87.96
LV	3	250	300	97.64
LV	3	300	350	109.57
LV	3	350	400	117.78
LV	3	400	450	130.03
LV	3	450	500	139.64
LV	3	500	600	157.15
LV	3	600	700	178.21
LV	3	700	800	194.72
LV	3	800	900	213.79
LV	3	900	1000	232.8
LV	3	1000	1100	251.75
LV	3	1100	1200	268.03
LV	3	1200	1300	286.84
LV	3	1300	1400	306.05
LV	3	1400	1500	326.83
LV	3	1500	1600	345.31
LV	3	1600	1700	366.39
LV	3	1700	1800	388.12
LV	3	1800	1900	410.05
LV	3	1900	2000	427.22
LV	3	2000	2100	447.34
LV	3	2100	2200	467.49
LV	3	2200	2300	487.68
LV	3	2300	2400	504.87
LV	3	2400	2500	525.11
LV	4	0	30	42.56
LV	4	30	50	48.06
LV	4	50	75	54.29
LV	4	75	100	61.33
LV	4	100	150	69.26
LV	4	150	200	77.12
LV	4	200	250	89.7
LV	4	250	300	99.38
LV	4	300	350	111.64
LV	4	350	400	119.85
LV	4	400	450	132.48
LV	4	450	500	142.08
LV	4	500	600	159.97
LV	4	600	700	181.38
LV	4	700	800	198.24
LV	4	800	900	217.61
LV	4	900	1000	236.97
LV	4	1000	1100	256.23
LV	4	1100	1200	272.82
LV	4	1200	1300	291.94
LV	4	1300	1400	311.72
LV	4	1400	1500	333.13
LV	4	1500	1600	352.25
LV	4	1600	1700	374.01
LV	4	1700	1800	396.46
LV	4	1800	1900	419.1
LV	4	1900	2000	436.76
LV	4	2000	2100	457.32
LV	4	2100	2200	477.94
LV	4	2200	2300	498.58
LV	4	2300	2400	516.21
LV	4	2400	2500	536.89
LV	5	0	30	43.53
LV	5	30	50	49.12
LV	5	50	75	55.43
LV	5	75	100	62.55
LV	5	100	150	70.59
LV	5	150	200	78.44
LV	5	200	250	91.38
LV	5	250	300	101.07
LV	5	300	350	113.64
LV	5	350	400	121.86
LV	5	400	450	134.86
LV	5	450	500	144.47
LV	5	500	600	162.72
LV	5	600	700	184.49
LV	5	700	800	201.71
LV	5	800	900	221.42
LV	5	900	1000	241.09
LV	5	1000	1100	260.66
LV	5	1100	1200	277.57
LV	5	1200	1300	296.97
LV	5	1300	1400	317.35
LV	5	1400	1500	339.38
LV	5	1500	1600	359.13
LV	5	1600	1700	381.57
LV	5	1700	1800	404.74
LV	5	1800	1900	428.13
LV	5	1900	2000	446.22
LV	5	2000	2100	467.24
LV	5	2100	2200	488.3
LV	5	2200	2300	509.4
LV	5	2300	2400	527.49
LV	5	2400	2500	548.63
NL	1	0	30	42.26
NL	1	30	50	42.26
NL	1	50	75	42.26
NL	1	75	100	42.26
NL	1	100	150	46.7
NL	1	150	200	48.79
NL	1	200	250	56.77
NL	1	250	300	60.35
NL	1	300	350	69.05
NL	1	350	400	71.37
NL	1	400	450	79.39
NL	1	450	500	82.89
NL	1	500	600	89.13
NL	1	600	700	99.77
NL	1	700	800	106.23
NL	1	800	900	115.17
NL	1	900	1000	123.23
NL	1	1000	1100	131.51
NL	1	1100	1200	135.99
NL	1	1200	1300	142.62
NL	1	1300	1400	149.09
NL	1	1400	1500	156.81
NL	1	1500	1600	168.86
NL	1	1600	1700	176.67
NL	1	1700	1800	185.04
NL	1	1800	1900	193.55
NL	1	1900	2000	198.52
NL	1	2000	2100	210.97
NL	1	2100	2200	218.47
NL	1	2200	2300	225.99
NL	1	2300	2400	230.97
NL	1	2400	2500	238.52
NL	2	0	30	42.26
NL	2	30	50	42.26
NL	2	50	75	42.26
NL	2	75	100	42.26
NL	2	100	150	44.6
NL	2	150	200	46.84
NL	2	200	250	54.12
NL	2	250	300	57.84
NL	2	300	350	64.59
NL	2	350	400	66.82
NL	2	400	450	73.32
NL	2	450	500	77.33
NL	2	500	600	85.62
NL	2	600	700	96.79
NL	2	700	800	103.31
NL	2	800	900	112.18
NL	2	900	1000	121.09
NL	2	1000	1100	129.81
NL	2	1100	1200	135.99
NL	2	1200	1300	144.52
NL	2	1300	1400	154.46
NL	2	1400	1500	165.82
NL	2	1500	1600	175
NL	2	1600	1700	186.62
NL	2	1700	1800	199.37
NL	2	1800	1900	212.46
NL	2	1900	2000	219.86
NL	2	2000	2100	230.32
NL	2	2100	2200	240.95
NL	2	2200	2300	251.61
NL	2	2300	2400	259.02
NL	2	2400	2500	269.72
NL	3	0	30	42.26
NL	3	30	50	42.26
NL	3	50	75	42.26
NL	3	75	100	42.26
NL	3	100	150	46.35
NL	3	150	200	48.57
NL	3	200	250	56.09
NL	3	250	300	59.81
NL	3	300	350	66.75
NL	3	350	400	69
NL	3	400	450	75.75
NL	3	450	500	79.76
NL	3	500	600	88.29
NL	3	600	700	99.73
NL	3	700	800	106.49
NL	3	800	900	115.58
NL	3	900	1000	124.72
NL	3	1000	1100	133.64
NL	3	1100	1200	140.05
NL	3	1200	1300	148.8
NL	3	1300	1400	159.17
NL	3	1400	1500	171
NL	3	1500	1600	180.69
NL	3	1600	1700	192.8
NL	3	1700	1800	206.1
NL	3	1800	1900	219.75
NL	3	1900	2000	227.47
NL	3	2000	2100	238.26
NL	3	2100	2200	249.23
NL	3	2200	2300	260.2
NL	3	2300	2400	267.95
NL	3	2400	2500	278.96
NL	4	0	30	42.26
NL	4	30	50	42.26
NL	4	50	75	42.26
NL	4	75	100	42.26
NL	4	100	150	47.34
NL	4	150	200	49.59
NL	4	200	250	57.24
NL	4	250	300	60.95
NL	4	300	350	68.02
NL	4	350	400	70.27
NL	4	400	450	77.16
NL	4	450	500	81.18
NL	4	500	600	89.86
NL	4	600	700	101.44
NL	4	700	800	108.34
NL	4	800	900	117.58
NL	4	900	1000	126.85
NL	4	1000	1100	135.9
NL	4	1100	1200	142.42
NL	4	1200	1300	151.31
NL	4	1300	1400	161.93
NL	4	1400	1500	174.04
NL	4	1500	1600	184.01
NL	4	1600	1700	196.42
NL	4	1700	1800	210.03
NL	4	1800	1900	224.01
NL	4	1900	2000	231.92
NL	4	2000	2100	242.9
NL	4	2100	2200	254.05
NL	4	2200	2300	265.23
NL	4	2300	2400	273.16
NL	4	2400	2500	284.37
NL	5	0	30	42.26
NL	5	30	50	42.26
NL	5	50	75	43.74
NL	5	75	100	44.33
NL	5	100	150	53.53
NL	5	150	200	55.81
NL	5	200	250	64.29
NL	5	250	300	68.08
NL	5	300	350	75.89
NL	5	350	400	78.17
NL	5	400	450	86
NL	5	450	500	90.1
NL	5	500	600	99.73
NL	5	600	700	112.29
NL	5	700	800	120.05
NL	5	800	900	130.15
NL	5	900	1000	140.3
NL	5	1000	1100	150.19
NL	5	1100	1200	157.48
NL	5	1200	1300	167.14
NL	5	1300	1400	179.34
NL	5	1400	1500	193.12
NL	5	1500	1600	204.76
NL	5	1600	1700	218.96
NL	5	1700	1800	234.48
NL	5	1800	1900	250.4
NL	5	1900	2000	259.46
NL	5	2000	2100	271.61
NL	5	2100	2200	283.98
NL	5	2200	2300	296.34
NL	5	2300	2400	305.42
NL	5	2400	2500	317.82
NL	6	0	30	42.49
NL	6	30	50	44.26
NL	6	50	75	46.03
NL	6	75	100	46.62
NL	6	100	150	56.28
NL	6	150	200	58.58
NL	6	200	250	67.41
NL	6	250	300	71.21
NL	6	300	350	79.34
NL	6	350	400	81.62
NL	6	400	450	89.86
NL	6	450	500	93.95
NL	6	500	600	104
NL	6	600	700	116.95
NL	6	700	800	125.1
NL	6	800	900	135.57
NL	6	900	1000	146.09
NL	6	1000	1100	156.32
NL	6	1100	1200	163.95
NL	6	1200	1300	173.94
NL	6	1300	1400	186.84
NL	6	1400	1500	201.38
NL	6	1500	1600	213.8
NL	6	1600	1700	228.83
NL	6	1700	1800	245.19
NL	6	1800	1900	262.01
NL	6	1900	2000	271.55
NL	6	2000	2100	284.25
NL	6	2100	2200	297.13
NL	6	2200	2300	310.02
NL	6	2300	2400	319.6
NL	6	2400	2500	332.55
PL	1	0	30	42.26
PL	1	30	50	42.26
PL	1	50	75	42.26
PL	1	75	100	42.26
PL	1	100	150	47.76
PL	1	150	200	50.45
PL	1	200	250	55.93
PL	1	250	300	61.19
PL	1	300	350	66.5
PL	1	350	400	69.49
PL	1	400	450	77.03
PL	1	450	500	80.48
PL	1	500	600	88.79
PL	1	600	700	98.18
PL	1	700	800	104.71
PL	1	800	900	113.16
PL	1	900	1000	121.57
PL	1	1000	1100	129.91
PL	1	1100	1200	136.24
PL	1	1200	1300	144.48
PL	1	1300	1400	153.48
PL	1	1400	1500	163.6
PL	1	1500	1600	172.01
PL	1	1600	1700	182.43
PL	1	1700	1800	193.68
PL	1	1800	1900	205.09
PL	1	1900	2000	212.25
PL	1	2000	2100	221.95
PL	1	2100	2200	231.66
PL	1	2200	2300	241.48
PL	1	2300	2400	248.64
PL	1	2400	2500	258.49
PL	2	0	30	42.26
PL	2	30	50	42.26
PL	2	50	75	42.26
PL	2	75	100	42.26
PL	2	100	150	49.33
PL	2	150	200	52
PL	2	200	250	57.7
PL	2	250	300	62.97
PL	2	300	350	68.45
PL	2	350	400	71.45
PL	2	400	450	79.21
PL	2	450	500	82.67
PL	2	500	600	91.2
PL	2	600	700	100.8
PL	2	700	800	107.55
PL	2	800	900	116.21
PL	2	900	1000	124.85
PL	2	1000	1100	133.37
PL	2	1100	1200	139.89
PL	2	1200	1300	148.3
PL	2	1300	1400	157.71
PL	2	1400	1500	168.26
PL	2	1500	1600	177.11
PL	2	1600	1700	187.99
PL	2	1700	1800	199.73
PL	2	1800	1900	211.63
PL	2	1900	2000	219.07
PL	2	2000	2100	229.09
PL	2	2100	2200	239.07
PL	2	2200	2300	249.18
PL	2	2300	2400	256.64
PL	2	2400	2500	266.79
PL	3	0	30	42.26
PL	3	30	50	42.26
PL	3	50	75	42.26
PL	3	75	100	42.26
PL	3	100	150	51.01
PL	3	150	200	54.36
PL	3	200	250	61.03
PL	3	250	300	67.56
PL	3	300	350	74.06
PL	3	350	400	77.71
PL	3	400	450	86.43
PL	3	450	500	91.13
PL	3	500	600	101.28
PL	3	600	700	113.67
PL	3	700	800	121.49
PL	3	800	900	132.36
PL	3	900	1000	143.23
PL	3	1000	1100	154
PL	3	1100	1200	161.62
PL	3	1200	1300	172.29
PL	3	1300	1400	183.68
PL	3	1400	1500	196.17
PL	3	1500	1600	205.77
PL	3	1600	1700	218.55
PL	3	1700	1800	232.14
PL	3	1800	1900	245.88
PL	3	1900	2000	254.29
PL	3	2000	2100	266.43
PL	3	2100	2200	278.52
PL	3	2200	2300	290.76
PL	3	2300	2400	299.17
PL	3	2400	2500	311.43
PL	4	0	30	42.26
PL	4	30	50	42.26
PL	4	50	75	42.26
PL	4	75	100	43.47
PL	4	100	150	53.61
PL	4	150	200	56.96
PL	4	200	250	63.98
PL	4	250	300	70.51
PL	4	300	350	77.29
PL	4	350	400	80.97
PL	4	400	450	90.06
PL	4	450	500	94.76
PL	4	500	600	105.3
PL	4	600	700	118.07
PL	4	700	800	126.24
PL	4	800	900	137.48
PL	4	900	1000	148.68
PL	4	1000	1100	159.78
PL	4	1100	1200	167.71
PL	4	1200	1300	178.7
PL	4	1300	1400	190.73
PL	4	1400	1500	203.93
PL	4	1500	1600	214.28
PL	4	1600	1700	227.83
PL	4	1700	1800	242.24
PL	4	1800	1900	256.8
PL	4	1900	2000	265.7
PL	4	2000	2100	278.31
PL	4	2100	2200	290.91
PL	4	2200	2300	303.62
PL	4	2300	2400	312.52
PL	4	2400	2500	325.28
PL	5	0	30	42.26
PL	5	30	50	42.26
PL	5	50	75	42.26
PL	5	75	100	45.26
PL	5	100	150	55.79
PL	5	150	200	59.14
PL	5	200	250	66.43
PL	5	250	300	72.96
PL	5	300	350	80
PL	5	350	400	83.66
PL	5	400	450	93.1
PL	5	450	500	97.81
PL	5	500	600	108.66
PL	5	600	700	121.74
PL	5	700	800	130.22
PL	5	800	900	141.73
PL	5	900	1000	153.21
PL	5	1000	1100	164.59
PL	5	1100	1200	172.8
PL	5	1200	1300	184.03
PL	5	1300	1400	196.63
PL	5	1400	1500	210.43
PL	5	1500	1600	221.39
PL	5	1600	1700	235.57
PL	5	1700	1800	250.66
PL	5	1800	1900	265.91
PL	5	1900	2000	275.22
PL	5	2000	2100	288.25
PL	5	2100	2200	301.23
PL	5	2200	2300	314.36
PL	5	2300	2400	323.67
PL	5	2400	2500	336.83
PL	6	0	30	42.26
PL	6	30	50	42.26
PL	6	50	75	44.65
PL	6	75	100	48.27
PL	6	100	150	59.8
PL	6	150	200	63.48
PL	6	200	250	71.69
PL	6	250	300	78.83
PL	6	300	350	86.75
PL	6	350	400	90.74
PL	6	400	450	101.12
PL	6	450	500	106.45
PL	6	500	600	118.6
PL	6	600	700	133.52
PL	6	700	800	142.96
PL	6	800	900	156.01
PL	6	900	1000	169.02
PL	6	1000	1100	181.91
PL	6	1100	1200	191.06
PL	6	1200	1300	203.81
PL	6	1300	1400	218.2
PL	6	1400	1500	233.82
PL	6	1500	1600	246.07
PL	6	1600	1700	262.12
PL	6	1700	1800	279.12
PL	6	1800	1900	296.32
PL	6	1900	2000	306.68
PL	6	2000	2100	321.36
PL	6	2100	2200	336
PL	6	2200	2300	350.78
PL	6	2300	2400	361.17
PL	6	2400	2500	375.98
PL	7	0	30	42.26
PL	7	30	50	43.39
PL	7	50	75	46.75
PL	7	75	100	50.37
PL	7	100	150	62.36
PL	7	150	200	66.03
PL	7	200	250	74.59
PL	7	250	300	81.73
PL	7	300	350	89.93
PL	7	350	400	93.93
PL	7	400	450	104.71
PL	7	450	500	110.04
PL	7	500	600	122.55
PL	7	600	700	137.83
PL	7	700	800	147.64
PL	7	800	900	161.02
PL	7	900	1000	174.36
PL	7	1000	1100	187.58
PL	7	1100	1200	197.05
PL	7	1200	1300	210.09
PL	7	1300	1400	225.15
PL	7	1400	1500	241.47
PL	7	1500	1600	254.44
PL	7	1600	1700	271.26
PL	7	1700	1800	289.05
PL	7	1800	1900	307.05
PL	7	1900	2000	317.9
PL	7	2000	2100	333.06
PL	7	2100	2200	348.18
PL	7	2200	2300	363.44
PL	7	2300	2400	374.31
PL	7	2400	2500	389.6
PT	1	0	30	42.57
PT	1	30	50	46.71
PT	1	50	75	51.27
PT	1	75	100	56.26
PT	1	100	150	69.73
PT	1	150	200	78.56
PT	1	200	250	91.65
PT	1	250	300	102.41
PT	1	300	350	115.2
PT	1	350	400	124.44
PT	1	400	450	137.22
PT	1	450	500	148.21
PT	1	500	600	167.36
PT	1	600	700	190.35
PT	1	700	800	208.52
PT	1	800	900	229.24
PT	1	900	1000	249.92
PT	1	1000	1100	270.54
PT	1	1100	1200	288.52
PT	1	1200	1300	309.06
PT	1	1300	1400	329.63
PT	1	1400	1500	351.59
PT	1	1500	1600	371.19
PT	1	1600	1700	393.35
PT	1	1700	1800	416.38
PT	1	1800	1900	439.58
PT	1	1900	2000	458.23
PT	1	2000	2100	480.08
PT	1	2100	2200	502.02
PT	1	2200	2300	523.97
PT	1	2300	2400	542.6
PT	1	2400	2500	564.63
PT	2	0	30	49.81
PT	2	30	50	53.85
PT	2	50	75	58.23
PT	2	75	100	62.97
PT	2	100	150	78.54
PT	2	150	200	88.03
PT	2	200	250	102.96
PT	2	250	300	114.87
PT	2	300	350	129.41
PT	2	350	400	139.31
PT	2	400	450	154.06
PT	2	450	500	166.18
PT	2	500	600	187.94
PT	2	600	700	214.46
PT	2	700	800	234.69
PT	2	800	900	258.41
PT	2	900	1000	282.07
PT	2	1000	1100	305.68
PT	2	1100	1200	325.63
PT	2	1200	1300	349.09
PT	2	1300	1400	373.34
PT	2	1400	1500	399.03
PT	2	1500	1600	421.48
PT	2	1600	1700	447.51
PT	2	1700	1800	474.5
PT	2	1800	1900	501.7
PT	2	1900	2000	522.68
PT	2	2000	2100	547.83
PT	2	2100	2200	573.06
PT	2	2200	2300	598.3
PT	2	2300	2400	619.26
PT	2	2400	2500	644.56
PT	3	0	30	58.86
PT	3	30	50	63.11
PT	3	50	75	67.65
PT	3	75	100	72.52
PT	3	100	150	90.15
PT	3	150	200	99.63
PT	3	200	250	116.1
PT	3	250	300	128.01
PT	3	300	350	143.88
PT	3	350	400	153.78
PT	3	400	450	170.31
PT	3	450	500	182.43
PT	3	500	600	205.88
PT	3	600	700	234.08
PT	3	700	800	255.92
PT	3	800	900	281.16
PT	3	900	1000	306.35
PT	3	1000	1100	331.42
PT	3	1100	1200	352.8
PT	3	1200	1300	377.62
PT	3	1300	1400	404.85
PT	3	1400	1500	433.72
PT	3	1500	1600	459.44
PT	3	1600	1700	488.89
PT	3	1700	1800	519.52
PT	3	1800	1900	550.43
PT	3	1900	2000	573.57
PT	3	2000	2100	600.93
PT	3	2100	2200	628.31
PT	3	2200	2300	655.76
PT	3	2300	2400	678.86
PT	3	2400	2500	706.37
PT	4	0	30	76.07
PT	4	30	50	80.3
PT	4	50	75	84.75
PT	4	75	100	89.44
PT	4	100	150	110.7
PT	4	150	200	120.18
PT	4	200	250	139.38
PT	4	250	300	151.28
PT	4	300	350	169.52
PT	4	350	400	179.42
PT	4	400	450	199.07
PT	4	450	500	211.21
PT	4	500	600	237.66
PT	4	600	700	268.79
PT	4	700	800	293.52
PT	4	800	900	321.47
PT	4	900	1000	349.35
PT	4	1000	1100	377.03
PT	4	1100	1200	400.91
PT	4	1200	1300	428.19
PT	4	1300	1400	460.71
PT	4	1400	1500	495.2
PT	4	1500	1600	526.72
PT	4	1600	1700	562.22
PT	4	1700	1800	599.26
PT	4	1800	1900	636.76
PT	4	1900	2000	663.75
PT	4	2000	2100	694.97
PT	4	2100	2200	726.21
PT	4	2200	2300	757.51
PT	4	2300	2400	784.44
PT	4	2400	2500	815.81
PT	5	0	30	114.11
PT	5	30	50	118.67
PT	5	50	75	123.41
PT	5	75	100	128.34
PT	5	100	150	157.97
PT	5	150	200	167.46
PT	5	200	250	192.93
PT	5	250	300	204.82
PT	5	300	350	228.47
PT	5	350	400	238.37
PT	5	400	450	265.2
PT	5	450	500	277.34
PT	5	500	600	310.75
PT	5	600	700	348.63
PT	5	700	800	379.95
PT	5	800	900	414.17
PT	5	900	1000	448.2
PT	5	1000	1100	481.9
PT	5	1100	1200	511.55
PT	5	1200	1300	544.45
PT	5	1300	1400	589.14
PT	5	1400	1500	636.53
PT	5	1500	1600	681.4
PT	5	1600	1700	730.83
PT	5	1700	1800	782.6
PT	5	1800	1900	835.28
PT	5	1900	2000	871.09
PT	5	2000	2100	911.21
PT	5	2100	2200	951.3
PT	5	2200	2300	991.52
PT	5	2300	2400	1027.24
PT	5	2400	2500	1067.5
RO	1	0	30	53.12
RO	1	30	50	57.9
RO	1	50	75	62.69
RO	1	75	100	67.47
RO	1	100	150	81.32
RO	1	150	200	91.55
RO	1	200	250	104.4
RO	1	250	300	116.62
RO	1	300	350	129.96
RO	1	350	400	140.63
RO	1	400	450	158.09
RO	1	450	500	170.35
RO	1	500	600	191.96
RO	1	600	700	216.54
RO	1	700	800	236.27
RO	1	800	900	260.9
RO	1	900	1000	285.44
RO	1	1000	1100	307.32
RO	1	1100	1200	326.45
RO	1	1200	1300	349.07
RO	1	1300	1400	372.54
RO	1	1400	1500	397.52
RO	1	1500	1600	421.01
RO	1	1600	1700	447.21
RO	1	1700	1800	473.77
RO	1	1800	1900	499.98
RO	1	1900	2000	521.45
RO	1	2000	2100	550.79
RO	1	2100	2200	580.22
RO	1	2200	2300	607.46
RO	1	2300	2400	629.24
RO	1	2400	2500	654.31
RO	2	0	30	60.13
RO	2	30	50	64.89
RO	2	50	75	69.65
RO	2	75	100	74.4
RO	2	100	150	90.72
RO	2	150	200	100.59
RO	2	200	250	122.77
RO	2	250	300	134.62
RO	2	300	350	155.85
RO	2	350	400	166.16
RO	2	400	450	189.23
RO	2	450	500	201.14
RO	2	500	600	222.52
RO	2	600	700	247.32
RO	2	700	800	267.02
RO	2	800	900	293.36
RO	2	900	1000	320.96
RO	2	1000	1100	344.15
RO	2	1100	1200	364.52
RO	2	1200	1300	388.12
RO	2	1300	1400	415.04
RO	2	1400	1500	443.73
RO	2	1500	1600	473.37
RO	2	1600	1700	506.13
RO	2	1700	1800	538.78
RO	2	1800	1900	570.41
RO	2	1900	2000	594.67
RO	2	2000	2100	619.94
RO	2	2100	2200	645.29
RO	2	2200	2300	670.98
RO	2	2300	2400	693.72
RO	2	2400	2500	719.76
RO	3	0	30	64.14
RO	3	30	50	69.13
RO	3	50	75	74.11
RO	3	75	100	79.1
RO	3	100	150	94.89
RO	3	150	200	104.75
RO	3	200	250	129.15
RO	3	250	300	141.03
RO	3	300	350	164.56
RO	3	350	400	174.86
RO	3	400	450	199.82
RO	3	450	500	211.72
RO	3	500	600	234
RO	3	600	700	259.5
RO	3	700	800	279.87
RO	3	800	900	306.6
RO	3	900	1000	335.48
RO	3	1000	1100	359.72
RO	3	1100	1200	381.11
RO	3	1200	1300	405.67
RO	3	1300	1400	434.48
RO	3	1400	1500	465.18
RO	3	1500	1600	497.43
RO	3	1600	1700	532.91
RO	3	1700	1800	568.1
RO	3	1800	1900	602.07
RO	3	1900	2000	627.64
RO	3	2000	2100	651.91
RO	3	2100	2200	676.26
RO	3	2200	2300	701.17
RO	3	2300	2400	723.35
RO	3	2400	2500	748.83
RO	4	0	30	73.16
RO	4	30	50	78
RO	4	50	75	82.85
RO	4	75	100	87.69
RO	4	100	150	102.28
RO	4	150	200	112.15
RO	4	200	250	137.39
RO	4	250	300	149.26
RO	4	300	350	175.39
RO	4	350	400	185.7
RO	4	400	450	213.09
RO	4	450	500	225
RO	4	500	600	249.31
RO	4	600	700	274.66
RO	4	700	800	295.33
RO	4	800	900	325.03
RO	4	900	1000	355.7
RO	4	1000	1100	381.82
RO	4	1100	1200	405.06
RO	4	1200	1300	431.46
RO	4	1300	1400	463.65
RO	4	1400	1500	497.95
RO	4	1500	1600	534.17
RO	4	1600	1700	573.79
RO	4	1700	1800	612.92
RO	4	1800	1900	650.44
RO	4	1900	2000	678.03
RO	4	2000	2100	702.2
RO	4	2100	2200	726.44
RO	4	2200	2300	751.13
RO	4	2300	2400	772.95
RO	4	2400	2500	798.08
RO	5	0	30	78.17
RO	5	30	50	83.34
RO	5	50	75	88.52
RO	5	75	100	93.68
RO	5	100	150	107.22
RO	5	150	200	117.06
RO	5	200	250	143.85
RO	5	250	300	155.72
RO	5	300	350	183.57
RO	5	350	400	193.89
RO	5	400	450	223.21
RO	5	450	500	235.12
RO	5	500	600	260.99
RO	5	600	700	286.73
RO	5	700	800	307.6
RO	5	800	900	338.4
RO	5	900	1000	370.36
RO	5	1000	1100	398.02
RO	5	1100	1200	422.76
RO	5	1200	1300	450.32
RO	5	1300	1400	484.48
RO	5	1400	1500	520.88
RO	5	1500	1600	559.85
RO	5	1600	1700	602.37
RO	5	1700	1800	644.24
RO	5	1800	1900	684.22
RO	5	1900	2000	713.22
RO	5	2000	2100	737.64
RO	5	2100	2200	762.14
RO	5	2200	2300	787.62
RO	5	2300	2400	810.82
RO	5	2400	2500	837.33
RO	6	0	30	88.2
RO	6	30	50	93.27
RO	6	50	75	98.32
RO	6	75	100	103.39
RO	6	100	150	115.75
RO	6	150	200	125.61
RO	6	200	250	154.94
RO	6	250	300	166.8
RO	6	300	350	197.65
RO	6	350	400	207.96
RO	6	400	450	240.59
RO	6	450	500	252.49
RO	6	500	600	280.86
RO	6	600	700	306.41
RO	6	700	800	327.5
RO	6	800	900	361.15
RO	6	900	1000	395.31
RO	6	1000	1100	425.61
RO	6	1100	1200	452.88
RO	6	1200	1300	482.42
RO	6	1300	1400	519.92
RO	6	1400	1500	559.83
RO	6	1500	1600	603.51
RO	6	1600	1700	651
RO	6	1700	1800	697.53
RO	6	1800	1900	741.72
RO	6	1900	2000	773.13
RO	6	2000	2100	797.57
RO	6	2100	2200	822.09
RO	6	2200	2300	848.8
RO	6	2300	2400	874.4
RO	6	2400	2500	903.3
RO	7	0	30	95.21
RO	7	30	50	100.32
RO	7	50	75	105.44
RO	7	75	100	110.55
RO	7	100	150	122.83
RO	7	150	200	132.71
RO	7	200	250	170.49
RO	7	250	300	182.35
RO	7	300	350	217.41
RO	7	350	400	227.71
RO	7	400	450	264.98
RO	7	450	500	276.89
RO	7	500	600	308.32
RO	7	600	700	333.42
RO	7	700	800	355.04
RO	7	800	900	392.6
RO	7	900	1000	429.78
RO	7	1000	1100	463.69
RO	7	1100	1200	494.49
RO	7	1200	1300	526.77
RO	7	1300	1400	568.84
RO	7	1400	1500	613.63
RO	7	1500	1600	663.82
RO	7	1600	1700	718.16
RO	7	1700	1800	771.16
RO	7	1800	1900	821.15
RO	7	1900	2000	855.87
RO	7	2000	2100	881.27
RO	7	2100	2200	906.76
RO	7	2200	2300	937.6
RO	7	2300	2400	970.52
RO	7	2400	2500	1006.74
SE	1	0	30	48.11
SE	1	30	50	51.77
SE	1	50	75	55.7
SE	1	75	100	59.94
SE	1	100	150	73.34
SE	1	150	200	79.87
SE	1	200	250	92.84
SE	1	250	300	102.14
SE	1	300	350	114.63
SE	1	350	400	121.42
SE	1	400	450	133.79
SE	1	450	500	143.42
SE	1	500	600	160.03
SE	1	600	700	182.08
SE	1	700	800	196.36
SE	1	800	900	215.03
SE	1	900	1000	233.63
SE	1	1000	1100	252.07
SE	1	1100	1200	266.06
SE	1	1200	1300	284.37
SE	1	1300	1400	303.79
SE	1	1400	1500	324.81
SE	1	1500	1600	341.73
SE	1	1600	1700	363.13
SE	1	1700	1800	385.71
SE	1	1800	1900	408.52
SE	1	1900	2000	423.72
SE	1	2000	2100	444.11
SE	1	2100	2200	464.56
SE	1	2200	2300	485.1
SE	1	2300	2400	500.27
SE	1	2400	2500	520.83
SE	2	0	30	49.61
SE	2	30	50	53.22
SE	2	50	75	57.1
SE	2	75	100	61.26
SE	2	100	150	75.64
SE	2	150	200	83
SE	2	200	250	97.01
SE	2	250	300	107.52
SE	2	300	350	121.07
SE	2	350	400	128.69
SE	2	400	450	142.05
SE	2	450	500	152.89
SE	2	500	600	171.35
SE	2	600	700	196.01
SE	2	700	800	211.77
SE	2	800	900	232.67
SE	2	900	1000	253.51
SE	2	1000	1100	274.23
SE	2	1100	1200	289.7
SE	2	1200	1300	310.26
SE	2	1300	1400	331.76
SE	2	1400	1500	354.83
SE	2	1500	1600	373.05
SE	2	1600	1700	396.48
SE	2	1700	1800	421.07
SE	2	1800	1900	445.86
SE	2	1900	2000	462.46
SE	2	2000	2100	485.03
SE	2	2100	2200	507.65
SE	2	2200	2300	530.36
SE	2	2300	2400	546.95
SE	2	2400	2500	569.68
SE	3	0	30	50.62
SE	3	30	50	54.31
SE	3	50	75	58.25
SE	3	75	100	62.49
SE	3	100	150	77.05
SE	3	150	200	84.39
SE	3	200	250	98.5
SE	3	250	300	108.86
SE	3	300	350	122.47
SE	3	350	400	130.08
SE	3	400	450	143.59
SE	3	450	500	154.3
SE	3	500	600	172.85
SE	3	600	700	197.41
SE	3	700	800	213.35
SE	3	800	900	234.24
SE	3	900	1000	255.05
SE	3	1000	1100	275.71
SE	3	1100	1200	291.34
SE	3	1200	1300	311.86
SE	3	1300	1400	333.56
SE	3	1400	1500	356.85
SE	3	1500	1600	375.53
SE	3	1600	1700	399.22
SE	3	1700	1800	424.1
SE	3	1800	1900	449.2
SE	3	1900	2000	466.1
SE	3	2000	2100	488.72
SE	3	2100	2200	511.42
SE	3	2200	2300	534.21
SE	3	2300	2400	551.08
SE	3	2400	2500	573.88
SE	4	0	30	52.11
SE	4	30	50	55.85
SE	4	50	75	59.83
SE	4	75	100	64.1
SE	4	100	150	79.78
SE	4	150	200	88.32
SE	4	200	250	103.59
SE	4	250	300	115.28
SE	4	300	350	130.07
SE	4	350	400	138.88
SE	4	400	450	153.52
SE	4	450	500	165.55
SE	4	500	600	186.45
SE	4	600	700	213.57
SE	4	700	800	231.78
SE	4	800	900	255.13
SE	4	900	1000	278.43
SE	4	1000	1100	301.58
SE	4	1100	1200	319.49
SE	4	1200	1300	342.5
SE	4	1300	1400	366.51
SE	4	1400	1500	392.1
SE	4	1500	1600	412.87
SE	4	1600	1700	438.83
SE	4	1700	1800	465.96
SE	4	1800	1900	493.31
SE	4	1900	2000	512.4
SE	4	2000	2100	537.43
SE	4	2100	2200	562.55
SE	4	2200	2300	587.73
SE	4	2300	2400	606.8
SE	4	2400	2500	632.01
SE	5	0	30	54.12
SE	5	30	50	57.8
SE	5	50	75	61.73
SE	5	75	100	65.93
SE	5	100	150	81.66
SE	5	150	200	89.63
SE	5	200	250	104.79
SE	5	250	300	119.96
SE	5	300	350	135.14
SE	5	350	400	143.66
SE	5	400	450	158.79
SE	5	450	500	170.64
SE	5	500	600	191.64
SE	5	600	700	219.04
SE	5	700	800	237.23
SE	5	800	900	260.73
SE	5	900	1000	284.13
SE	5	1000	1100	307.37
SE	5	1100	1200	325.16
SE	5	1200	1300	348.25
SE	5	1300	1400	372.88
SE	5	1400	1500	399.21
SE	5	1500	1600	420.55
SE	5	1600	1700	447.34
SE	5	1700	1800	475.41
SE	5	1800	1900	503.74
SE	5	1900	2000	522.99
SE	5	2000	2100	548.42
SE	5	2100	2200	573.91
SE	5	2200	2300	599.49
SE	5	2300	2400	618.74
SE	5	2400	2500	644.34
SE	6	0	30	59.14
SE	6	30	50	62.84
SE	6	50	75	66.78
SE	6	75	100	70.97
SE	6	100	150	88.14
SE	6	150	200	96.83
SE	6	200	250	113.25
SE	6	250	300	125.01
SE	6	300	350	140.81
SE	6	350	400	149.76
SE	6	400	450	165.69
SE	6	450	500	177.8
SE	6	500	600	200.12
SE	6	600	700	228.45
SE	6	700	800	248.1
SE	6	800	900	272.67
SE	6	900	1000	297.17
SE	6	1000	1100	321.46
SE	6	1100	1200	340.67
SE	6	1200	1300	364.79
SE	6	1300	1400	391.02
SE	6	1400	1500	418.99
SE	6	1500	1600	442.37
SE	6	1600	1700	470.86
SE	6	1700	1800	500.66
SE	6	1800	1900	530.76
SE	6	1900	2000	551.68
SE	6	2000	2100	578.38
SE	6	2100	2200	605.15
SE	6	2200	2300	632
SE	6	2300	2400	652.9
SE	6	2400	2500	679.77
SE	7	0	30	70.16
SE	7	30	50	74.14
SE	7	50	75	78.37
SE	7	75	100	82.82
SE	7	100	150	103.97
SE	7	150	200	115.08
SE	7	200	250	135.08
SE	7	250	300	149.34
SE	7	300	350	168.58
SE	7	350	400	179.95
SE	7	400	450	199.65
SE	7	450	500	214.23
SE	7	500	600	242.7
SE	7	600	700	277.29
SE	7	700	800	302.94
SE	7	800	900	333.6
SE	7	900	1000	364.18
SE	7	1000	1100	394.54
SE	7	1100	1200	419.57
SE	7	1200	1300	449.67
SE	7	1300	1400	483.05
SE	7	1400	1500	518.28
SE	7	1500	1600	548.82
SE	7	1600	1700	584.8
SE	7	1700	1800	622.18
SE	7	1800	1900	659.94
SE	7	1900	2000	687.24
SE	7	2000	2100	720.48
SE	7	2100	2200	753.82
SE	7	2200	2300	787.21
SE	7	2300	2400	814.49
SE	7	2400	2500	847.92
SI	1	0	30	42.26
SI	1	30	50	42.74
SI	1	50	75	48.23
SI	1	75	100	52.48
SI	1	100	150	65.02
SI	1	150	200	70.91
SI	1	200	250	80.2
SI	1	250	300	89
SI	1	300	350	98.11
SI	1	350	400	104.46
SI	1	400	450	115.99
SI	1	450	500	122.91
SI	1	500	600	137.78
SI	1	600	700	154.4
SI	1	700	800	167.58
SI	1	800	900	183.04
SI	1	900	1000	198.51
SI	1	1000	1100	213.9
SI	1	1100	1200	226.82
SI	1	1200	1300	242.01
SI	1	1300	1400	257.95
SI	1	1400	1500	275.31
SI	1	1500	1600	290.61
SI	1	1600	1700	308.31
SI	1	1700	1800	326.98
SI	1	1800	1900	345.64
SI	1	1900	2000	359.52
SI	1	2000	2100	376.2
SI	1	2100	2200	393.08
SI	1	2200	2300	409.97
SI	1	2300	2400	423.85
SI	1	2400	2500	440.77
SI	2	0	30	42.26
SI	2	30	50	44.35
SI	2	50	75	50
SI	2	75	100	54.33
SI	2	100	150	67.43
SI	2	150	200	73.45
SI	2	200	250	83.2
SI	2	250	300	92.17
SI	2	300	350	101.7
SI	2	350	400	108.18
SI	2	400	450	120.21
SI	2	450	500	127.28
SI	2	500	600	142.72
SI	2	600	700	159.95
SI	2	700	800	173.64
SI	2	800	900	189.66
SI	2	900	1000	205.67
SI	2	1000	1100	221.61
SI	2	1100	1200	235
SI	2	1200	1300	250.73
SI	2	1300	1400	267.44
SI	2	1400	1500	285.6
SI	2	1500	1600	301.67
SI	2	1600	1700	320.24
SI	2	1700	1800	339.81
SI	2	1800	1900	359.37
SI	2	1900	2000	373.87
SI	2	2000	2100	391.23
SI	2	2100	2200	408.78
SI	2	2200	2300	426.34
SI	2	2300	2400	440.84
SI	2	2400	2500	458.44
SI	3	0	30	42.44
SI	3	30	50	46.31
SI	3	50	75	52.05
SI	3	75	100	56.42
SI	3	100	150	70.29
SI	3	150	200	76.35
SI	3	200	250	86.72
SI	3	250	300	95.79
SI	3	300	350	105.9
SI	3	350	400	112.44
SI	3	400	450	125.13
SI	3	450	500	132.27
SI	3	500	600	148.41
SI	3	600	700	166.33
SI	3	700	800	180.65
SI	3	800	900	197.33
SI	3	900	1000	213.99
SI	3	1000	1100	230.54
SI	3	1100	1200	244.52
SI	3	1200	1300	260.82
SI	3	1300	1400	278.58
SI	3	1400	1500	297.83
SI	3	1500	1600	315.02
SI	3	1600	1700	334.75
SI	3	1700	1800	355.59
SI	3	1800	1900	376.44
SI	3	1900	2000	391.74
SI	3	2000	2100	409.93
SI	3	2100	2200	428.33
SI	3	2200	2300	446.74
SI	3	2300	2400	462.04
SI	3	2400	2500	480.48
SI	4	0	30	44.58
SI	4	30	50	48.14
SI	4	50	75	53.94
SI	4	75	100	58.36
SI	4	100	150	73.02
SI	4	150	200	79.15
SI	4	200	250	90.16
SI	4	250	300	99.32
SI	4	300	350	110.02
SI	4	350	400	116.61
SI	4	400	450	129.98
SI	4	450	500	137.18
SI	4	500	600	154.05
SI	4	600	700	172.67
SI	4	700	800	187.65
SI	4	800	900	204.97
SI	4	900	1000	222.29
SI	4	1000	1100	239.47
SI	4	1100	1200	254.05
SI	4	1200	1300	270.95
SI	4	1300	1400	289.74
SI	4	1400	1500	310.11
SI	4	1500	1600	328.43
SI	4	1600	1700	349.38
SI	4	1700	1800	371.48
SI	4	1800	1900	393.62
SI	4	1900	2000	409.75
SI	4	2000	2100	428.79
SI	4	2100	2200	448.01
SI	4	2200	2300	467.29
SI	4	2300	2400	483.41
SI	4	2400	2500	502.71
SK	1	0	30	42.26
SK	1	30	50	48.11
SK	1	50	75	54.39
SK	1	75	100	61.17
SK	1	100	150	73.27
SK	1	150	200	79.56
SK	1	200	250	90.39
SK	1	250	300	99
SK	1	300	350	109.7
SK	1	350	400	116.87
SK	1	400	450	128.42
SK	1	450	500	137.06
SK	1	500	600	151.42
SK	1	600	700	170.23
SK	1	700	800	184.49
SK	1	800	900	201.25
SK	1	900	1000	217.96
SK	1	1000	1100	234.64
SK	1	1100	1200	248.71
SK	1	1200	1300	265.23
SK	1	1300	1400	282.09
SK	1	1400	1500	300.43
SK	1	1500	1600	316.52
SK	1	1600	1700	335.14
SK	1	1700	1800	354.44
SK	1	1800	1900	373.92
SK	1	1900	2000	388.79
SK	1	2000	2100	406.63
SK	1	2100	2200	424.5
SK	1	2200	2300	442.43
SK	1	2300	2400	457.31
SK	1	2400	2500	475.25
SK	2	0	30	46.49
SK	2	30	50	53.12
SK	2	50	75	59.75
SK	2	75	100	66.36
SK	2	100	150	80.06
SK	2	150	200	86.61
SK	2	200	250	98.77
SK	2	250	300	107.96
SK	2	300	350	119.91
SK	2	350	400	127.29
SK	2	400	450	140.3
SK	2	450	500	149.5
SK	2	500	600	165.64
SK	2	600	700	186.82
SK	2	700	800	202.39
SK	2	800	900	221.18
SK	2	900	1000	239.83
SK	2	1000	1100	258.48
SK	2	1100	1200	273.77
SK	2	1200	1300	292.19
SK	2	1300	1400	311.83
SK	2	1400	1500	333.01
SK	2	1500	1600	351.27
SK	2	1600	1700	372.82
SK	2	1700	1800	395.18
SK	2	1800	1900	417.74
SK	2	1900	2000	434.23
SK	2	2000	2100	454.39
SK	2	2100	2200	474.56
SK	2	2200	2300	494.78
SK	2	2300	2400	511.26
SK	2	2400	2500	531.51
SK	3	0	30	48.8
SK	3	30	50	55.61
SK	3	50	75	62.39
SK	3	75	100	69.32
SK	3	100	150	83.63
SK	3	150	200	90.47
SK	3	200	250	103.18
SK	3	250	300	112.8
SK	3	300	350	125.28
SK	3	350	400	132.99
SK	3	400	450	146.58
SK	3	450	500	156.22
SK	3	500	600	173.06
SK	3	600	700	195.21
SK	3	700	800	211.48
SK	3	800	900	231.12
SK	3	900	1000	250.61
SK	3	1000	1100	270.1
SK	3	1100	1200	286.07
SK	3	1200	1300	305.34
SK	3	1300	1400	325.85
SK	3	1400	1500	347.95
SK	3	1500	1600	367.03
SK	3	1600	1700	389.55
SK	3	1700	1800	412.89
SK	3	1800	1900	436.46
SK	3	1900	2000	453.68
SK	3	2000	2100	474.74
SK	3	2100	2200	495.82
SK	3	2200	2300	516.96
SK	3	2300	2400	534.17
SK	3	2400	2500	555.31
SK	4	0	30	52.07
SK	4	30	50	58.87
SK	4	50	75	65.68
SK	4	75	100	72.46
SK	4	100	150	87.93
SK	4	150	200	95.06
SK	4	200	250	108.78
SK	4	250	300	119.01
SK	4	300	350	132.45
SK	4	350	400	140.45
SK	4	400	450	155.1
SK	4	450	500	165.34
SK	4	500	600	183.6
SK	4	600	700	207.83
SK	4	700	800	225.09
SK	4	800	900	246.42
SK	4	900	1000	267.63
SK	4	1000	1100	288.77
SK	4	1100	1200	305.69
SK	4	1200	1300	326.61
SK	4	1300	1400	349.26
SK	4	1400	1500	373.51
SK	4	1500	1600	394.02
SK	4	1600	1700	418.75
SK	4	1700	1800	444.34
SK	4	1800	1900	470.18
SK	4	1900	2000	488.55
SK	4	2000	2100	511.48
SK	4	2100	2200	534.41
SK	4	2200	2300	557.4
SK	4	2300	2400	575.75
SK	4	2400	2500	598.77
